City_ID,City,Country,Date,Lat,Lng,Max Temp,Humidity,Cloudiness,Wind Speed
0,Kahului,US,2022-03-01 19:06:58,20.8947,-156.47,79.86,78,20,5.01
1,Culebra,PR,2022-03-01 19:06:58,18.303,-65.301,87.67,76,1,13.02
2,Arraial Do Cabo,BR,2022-03-01 19:06:59,-22.9661,-42.0278,87.66,55,0,18.41
3,Busselton,AU,2022-03-01 19:06:59,-33.65,115.3333,59.04,86,81,11.68
4,Rikitea,PF,2022-03-01 19:06:59,-23.1203,-134.9692,78.66,72,94,7.02
5,Veisiejai,LT,2022-03-01 19:07:00,54.1,23.7,29.62,64,0,4.43
6,Nabire,ID,2022-03-01 19:07:00,-3.3667,135.4833,76.17,91,100,2.33
7,Sao Filipe,CV,2022-03-01 19:07:01,14.8961,-24.4956,71.22,63,2,20.13
8,Mar Del Plata,AR,2022-03-01 19:02:03,-38.0023,-57.5575,78.87,47,11,15.99
9,Pevek,RU,2022-03-01 19:07:09,69.7008,170.3133,-13.65,100,95,4.05
10,Punta Arenas,CL,2022-03-01 19:06:58,-53.15,-70.9167,48.31,81,75,31.07
11,Kapaa,US,2022-03-01 19:07:10,22.0752,-159.319,75.18,79,20,10.36
12,Port Alfred,ZA,2022-03-01 19:07:10,-33.5906,26.891,75.47,90,70,19.06
13,Arona,ES,2022-03-01 19:07:11,28.0996,-16.681,61.99,63,20,21.85
14,Hilo,US,2022-03-01 19:04:15,19.7297,-155.09,78.53,60,0,5.01
15,Klaksvik,FO,2022-03-01 19:07:12,62.2266,-6.589,43.72,80,40,25.93
16,Paita,PE,2022-03-01 19:07:12,-5.0892,-81.1144,88.36,63,90,14.05
17,Ulaanbaatar,MN,2022-03-01 19:05:52,47.9077,106.8832,-3.87,71,0,2.24
18,Cooma,AU,2022-03-01 19:07:13,-36.2333,149.1333,58.77,100,100,5.75
19,Kamenka,RU,2022-03-01 19:07:14,51.3223,42.7678,32.76,96,100,8.14
20,Port Elizabeth,ZA,2022-03-01 19:07:14,-33.918,25.5701,70.11,94,75,17.27
21,Jipapad,PH,2022-03-01 19:07:14,12.2861,125.2353,75.22,96,81,4.34
22,Meulaboh,ID,2022-03-01 19:07:15,4.1363,96.1285,75.29,91,96,3.96
23,Gladstone,AU,2022-03-01 19:05:10,-23.85,151.25,80.53,83,100,6.91
24,Vanimo,PG,2022-03-01 19:07:16,-2.6741,141.3028,76.23,87,100,3.06
25,Namatanai,PG,2022-03-01 19:07:16,-3.6667,152.4333,78.49,84,100,4.52
26,Husavik,IS,2022-03-01 19:07:17,66.0449,-17.3389,26.33,81,72,10.11
27,Chuy,UY,2022-03-01 19:07:17,-33.6971,-53.4616,74.95,39,0,4.47
28,Kaitangata,NZ,2022-03-01 19:07:18,-46.2817,169.8464,51.93,77,15,3.09
29,Saint-Marc-Des-Carrieres,CA,2022-03-01 19:07:18,46.6834,-72.0491,19.15,92,100,7.67
30,Ust-Nera,RU,2022-03-01 19:07:19,64.5667,143.2,-22.0,100,100,2.82
31,Albany,US,2022-03-01 19:05:32,42.6001,-73.9662,38.62,56,100,3.0
32,Mount Gambier,AU,2022-03-01 19:07:20,-37.8333,140.7667,60.71,100,100,5.75
33,Bluff,NZ,2022-03-01 19:07:21,-46.6,168.3333,44.8,73,6,9.84
34,Ushuaia,AR,2022-03-01 19:07:21,-54.8,-68.3,46.02,89,100,5.37
35,New Norfolk,AU,2022-03-01 19:07:21,-42.7826,147.0587,60.66,79,99,2.24
36,Siavonga,ZM,2022-03-01 19:07:22,-16.5382,28.7088,78.35,69,33,4.88
37,Parrita,CR,2022-03-01 19:07:22,9.5201,-84.3225,97.25,56,0,9.13
38,Tiksi,RU,2022-03-01 19:07:23,71.6872,128.8694,-21.53,100,98,3.49
39,Moses Lake,US,2022-03-01 19:03:42,47.1301,-119.2781,62.62,62,0,6.91
40,Itarema,BR,2022-03-01 19:07:23,-2.9248,-39.9167,84.6,66,99,16.44
41,Hobart,AU,2022-03-01 19:07:24,-42.8794,147.3294,61.02,91,100,5.75
42,Hithadhoo,MV,2022-03-01 19:06:30,-0.6,73.0833,84.9,64,17,15.97
43,Butaritari,KI,2022-03-01 19:07:24,3.0707,172.7902,80.35,80,34,8.7
44,Hermanus,ZA,2022-03-01 19:07:25,-34.4187,19.2345,69.8,82,1,4.5
45,Tuktoyaktuk,CA,2022-03-01 19:07:25,69.4541,-133.0374,-8.48,75,0,15.84
46,Brandon,US,2022-03-01 19:07:40,27.9378,-82.2859,79.25,63,75,5.75
47,Jamestown,US,2022-03-01 19:07:47,42.097,-79.2353,49.51,33,20,18.41
48,Barrow,US,2022-03-01 19:08:26,71.2906,-156.7887,12.22,85,100,8.05
49,Mataura,NZ,2022-03-01 19:08:27,-46.1927,168.8643,44.47,98,13,2.24
50,Torbay,CA,2022-03-01 19:05:34,47.6666,-52.7314,22.87,55,77,8.99
51,Vaini,TO,2022-03-01 19:08:27,-21.2,-175.2,78.96,94,75,9.22
52,Haines Junction,CA,2022-03-01 19:08:28,60.7522,-137.5108,18.81,93,100,1.86
53,Chokurdakh,RU,2022-03-01 19:08:28,70.6333,147.9167,-6.75,98,100,7.49
54,Clyde River,CA,2022-03-01 19:07:30,70.4692,-68.5914,-5.96,81,0,4.25
55,Warragul,AU,2022-03-01 19:08:29,-38.1667,145.9333,68.25,84,95,8.99
56,Najran,SA,2022-03-01 19:06:39,17.4924,44.1277,67.55,42,5,5.61
57,Carnarvon,AU,2022-03-01 19:08:31,-24.8667,113.6333,73.47,64,40,21.85
58,Hasaki,JP,2022-03-01 19:08:31,35.7333,140.8333,46.8,65,92,19.15
59,Oristano,IT,2022-03-01 19:09:39,39.9,8.6,42.06,57,0,4.43
60,Hailar,CN,2022-03-01 19:09:39,49.2,119.7,9.73,94,85,11.45
61,Walvis Bay,NA,2022-03-01 19:09:40,-22.9575,14.5053,63.09,69,0,19.26
62,Constitucion,CL,2022-03-01 19:09:40,-35.3333,-72.4167,71.56,50,2,19.71
63,Williston,US,2022-03-01 19:06:01,48.147,-103.618,36.01,83,100,3.0
64,Henties Bay,NA,2022-03-01 19:09:41,-22.116,14.2845,62.85,81,0,10.65
65,Longyearbyen,SJ,2022-03-01 19:09:41,78.2186,15.6401,10.24,56,0,23.02
66,Rawson,AR,2022-03-01 19:09:42,-43.3002,-65.1023,80.38,24,5,22.79
67,Cape Town,ZA,2022-03-01 19:09:42,-33.9258,18.4232,69.12,92,0,8.12
68,Ponta Do Sol,PT,2022-03-01 19:09:43,32.6667,-17.1,67.01,78,94,3.09
69,Hambantota,LK,2022-03-01 19:09:43,6.1241,81.1185,77.34,88,20,6.91
70,Hobyo,SO,2022-03-01 19:09:43,5.3505,48.5268,78.49,80,46,18.54
71,Puerto Ayora,EC,2022-03-01 19:09:44,-0.7393,-90.3518,84.16,84,77,7.0
72,Ambon,ID,2022-03-01 19:09:44,-3.6954,128.1814,75.34,94,20,3.44
73,Borba,BR,2022-03-01 19:09:46,-4.3878,-59.5939,84.54,76,82,1.39
74,Kruisfontein,ZA,2022-03-01 19:09:46,-34.0033,24.7314,67.89,97,35,7.96
75,Bredasdorp,ZA,2022-03-01 19:09:47,-34.5322,20.0403,69.28,77,61,4.25
76,Pochutla,MX,2022-03-01 19:09:47,15.7432,-96.4661,88.83,42,0,10.4
77,Loa Janan,ID,2022-03-01 19:09:48,-0.583,117.095,73.38,99,31,2.44
78,Kodiak,US,2022-03-01 19:09:48,57.79,-152.4072,33.31,80,100,4.61
79,Acapulco,MX,2022-03-01 19:09:18,16.8634,-99.8901,84.02,65,0,11.5
80,George Town,MY,2022-03-01 19:09:49,5.4112,100.3354,80.53,83,20,0.0
81,Lavrentiya,RU,2022-03-01 19:09:51,65.5833,-171.0,11.48,100,98,3.94
82,Bacolod,PH,2022-03-01 19:09:51,10.6667,122.95,76.5,86,100,11.05
83,Yellowknife,CA,2022-03-01 19:09:52,62.456,-114.3525,-6.59,80,8,5.95
84,Port Keats,AU,2022-03-01 19:09:52,-14.25,129.55,79.56,86,100,7.23
85,Georgetown,MY,2022-03-01 19:08:08,5.4112,100.3354,80.53,83,20,0.0
86,Ouagadougou,BF,2022-03-01 19:09:54,12.3642,-1.5383,89.37,37,61,7.74
87,Padang,ID,2022-03-01 19:09:55,-0.9492,100.3543,77.34,86,100,2.93
88,Miracema Do Tocantins,BR,2022-03-01 19:09:55,-9.5618,-48.3967,86.25,64,73,3.13
89,Airai,TL,2022-03-01 19:10:56,-8.9266,125.4092,60.04,85,53,2.13
90,Savannah Bight,HN,2022-03-01 19:10:57,16.45,-85.85,77.05,70,88,6.78
91,Imbituba,BR,2022-03-01 19:10:57,-28.24,-48.6703,78.69,90,100,9.13
92,Ahvaz,IR,2022-03-01 19:10:57,31.3203,48.6693,58.95,55,0,2.3
93,San Jose,US,2022-03-01 19:07:30,37.3394,-121.895,71.76,48,75,10.36
94,Laguna,US,2022-03-01 19:10:58,38.421,-121.4238,74.44,46,0,6.91
95,Honningsvag,NO,2022-03-01 19:10:58,70.9821,25.9704,33.33,78,100,25.7
96,Tasiilaq,GL,2022-03-01 19:10:59,65.6145,-37.6368,26.76,72,100,9.75
97,Victoria,HK,2022-03-01 19:09:44,22.2855,114.1577,74.08,88,98,3.38
98,Hinton,CA,2022-03-01 19:10:59,53.4001,-117.5857,44.11,89,89,1.59
99,Buraydah,SA,2022-03-01 19:11:00,26.326,43.975,71.76,24,0,13.8
100,Margate,GB,2022-03-01 19:11:01,51.3813,1.3862,46.96,94,100,1.01
101,Iqaluit,CA,2022-03-01 19:11:01,63.7506,-68.5145,-13.31,69,65,18.99
102,Rupert,US,2022-03-01 19:11:01,42.6191,-113.6772,51.75,46,0,5.75
103,Sungaipenuh,ID,2022-03-01 19:11:02,-2.0833,101.3833,64.65,96,100,0.96
104,Lorengau,PG,2022-03-01 19:11:02,-2.0226,147.2712,79.72,81,100,5.91
105,Shimoda,JP,2022-03-01 19:11:03,34.6667,138.95,46.11,77,5,10.69
106,Avarua,CK,2022-03-01 19:11:03,-21.2078,-159.775,78.85,89,40,5.75
107,Gannan,CN,2022-03-01 19:11:04,47.9147,123.5031,11.48,89,94,4.97
108,Atuona,PF,2022-03-01 19:11:04,-9.8,-139.0333,78.42,71,4,20.38
109,Moose Factory,CA,2022-03-01 19:11:05,51.2585,-80.6094,17.31,84,100,7.76
110,Saint Anthony,US,2022-03-01 19:11:05,45.0205,-93.218,37.72,57,20,6.91
111,Nikolskoye,RU,2022-03-01 19:11:06,59.7035,30.7861,35.49,89,12,6.31
112,Sovetskiy,RU,2022-03-01 19:11:06,61.3614,63.5842,12.6,93,9,6.87
113,Half Moon Bay,US,2022-03-01 19:11:08,37.4636,-122.4286,71.8,68,0,13.8
114,Mnogovershinnyy,RU,2022-03-01 19:11:08,53.9353,139.9242,-8.07,99,99,2.95
115,Ladario,BR,2022-03-01 19:11:09,-19.0047,-57.6017,95.29,52,40,5.75
116,Oksfjord,NO,2022-03-01 19:11:09,70.2396,22.3479,39.38,92,100,10.49
117,Yangjiang,CN,2022-03-01 19:11:10,21.85,111.9667,67.64,86,100,2.06
118,Mataram,ID,2022-03-01 19:11:10,-8.5833,116.1167,77.81,90,100,2.59
119,Gasa,PS,2022-03-01 19:06:43,31.5,34.4667,60.91,71,100,8.08
120,Faanui,PF,2022-03-01 19:11:11,-16.4833,-151.75,81.54,75,53,16.62
121,Severo-Kurilsk,RU,2022-03-01 19:11:11,50.6789,156.125,19.87,59,99,10.98
122,Saint George,US,2022-03-01 19:09:12,37.1041,-113.5841,70.27,25,0,0.0
123,Samana,DO,2022-03-01 19:11:12,19.2056,-69.3369,89.82,66,20,6.91
124,Jiuquan,CN,2022-03-01 19:11:13,39.7432,98.5174,30.76,42,0,2.93
125,Mana,GF,2022-03-01 19:11:13,5.6592,-53.7767,80.2,80,99,9.48
126,Dingle,PH,2022-03-01 19:11:13,10.9995,122.6711,74.79,92,100,8.88
127,Santa Maria,BR,2022-03-01 19:11:14,-29.6842,-53.8069,90.77,32,25,8.19
128,Lagoa,PT,2022-03-01 19:11:15,39.05,-27.9833,61.72,83,100,30.42
129,Grenfell,AU,2022-03-01 19:11:15,-33.9,148.1667,65.71,73,100,15.82
130,Ancud,CL,2022-03-01 19:11:15,-41.8697,-73.8203,68.43,79,76,13.18
131,Emerald,AU,2022-03-01 19:11:16,-23.5333,148.1667,77.34,76,51,9.24
132,Nelson Bay,AU,2022-03-01 19:11:17,-32.7167,152.15,70.0,96,100,1.01
133,Leningradskiy,RU,2022-03-01 19:11:17,69.3833,178.4167,7.5,80,67,7.58
134,Bonthe,SL,2022-03-01 19:11:18,7.5264,-12.505,79.93,68,0,10.09
135,Greencastle,US,2022-03-01 19:11:19,39.6445,-86.8647,64.69,35,0,14.97
136,Saint-Philippe,RE,2022-03-01 19:12:19,-21.3585,55.7679,78.39,87,56,10.42
137,Sur,OM,2022-03-01 19:12:20,22.5667,59.5289,76.46,70,35,1.5
138,Sitka,US,2022-03-01 19:12:20,57.0531,-135.33,40.89,87,75,0.0
139,Vardo,NO,2022-03-01 19:12:21,70.3705,31.1107,31.75,100,100,13.8
140,Hearst,CA,2022-03-01 19:12:21,49.6835,-83.6665,19.69,82,100,9.37
141,Camacha,PT,2022-03-01 19:12:22,33.0833,-16.3333,63.54,77,20,16.11
142,Vila Velha,BR,2022-03-01 19:12:23,-20.3297,-40.2925,85.95,74,0,16.11
143,Mezhdurechensk,RU,2022-03-01 19:12:23,53.6942,88.0603,17.47,80,100,5.73
144,Olinda,BR,2022-03-01 19:12:17,-8.0089,-34.8553,85.73,62,40,11.5
145,Nantucket,US,2022-03-01 19:10:50,41.2835,-70.0995,39.34,60,100,16.11
146,Camana,PE,2022-03-01 19:12:24,-16.6228,-72.7111,74.53,77,100,7.36
147,Willmar,US,2022-03-01 19:12:24,45.1219,-95.0433,33.49,74,75,0.0
148,Srednekolymsk,RU,2022-03-01 19:12:25,67.45,153.6833,-8.41,99,96,7.36
149,Honolulu,US,2022-03-01 19:10:59,21.3069,-157.8583,78.57,73,40,5.75
150,Cabedelo,BR,2022-03-01 19:12:25,-6.9811,-34.8339,86.67,65,32,14.63
151,Belyy Yar,RU,2022-03-01 19:12:26,53.6039,91.3903,30.09,63,0,15.66
152,Martinsburg,US,2022-03-01 19:12:26,39.4562,-77.9639,61.41,42,0,11.5
153,Isangel,VU,2022-03-01 19:07:47,-19.55,169.2667,80.55,88,81,23.11
154,Upernavik,GL,2022-03-01 19:12:27,72.7868,-56.1549,-7.65,84,100,5.17
155,Salalah,OM,2022-03-01 19:12:27,17.0151,54.0924,75.29,78,0,1.14
156,Worthington,US,2022-03-01 19:12:28,40.0931,-83.018,60.55,45,40,14.97
157,Quatre Cocos,MU,2022-03-01 19:12:28,-20.2078,57.7625,81.09,87,69,10.8
158,Kayerkan,RU,2022-03-01 19:12:29,69.3497,87.7602,0.52,84,100,8.05
159,Pisco,PE,2022-03-01 19:12:29,-13.7,-76.2167,78.03,73,0,8.05
160,Sal Rei,CV,2022-03-01 19:12:30,16.1833,-22.9167,71.8,60,75,21.85
161,Lewiston,US,2022-03-01 19:12:30,44.1003,-70.2148,31.24,51,100,11.5
162,Touros,BR,2022-03-01 19:12:30,-5.1989,-35.4608,88.7,64,6,16.04
163,Castro,BR,2022-03-01 19:12:31,-24.7911,-50.0119,71.1,92,100,5.41
164,Vao,NC,2022-03-01 19:12:31,-22.6667,167.4833,79.5,89,100,19.98
165,Zhigansk,RU,2022-03-01 19:12:32,66.7697,123.3711,-26.0,100,100,3.13
166,Kuusamo,FI,2022-03-01 19:12:32,65.9667,29.1833,32.04,80,75,18.41
167,San Julian,MX,2022-03-01 19:12:32,21.0167,-102.1667,75.2,21,0,2.21
168,Fairfield,US,2022-03-01 19:11:36,41.2668,-73.3162,43.9,61,75,14.97
169,Gloucester,GB,2022-03-01 19:11:28,51.8657,-2.2431,46.65,83,100,10.36
170,Strezhevoy,RU,2022-03-01 19:12:33,60.7333,77.5889,17.58,88,100,17.87
171,Portland,US,2022-03-01 19:09:07,45.5234,-122.6762,58.6,92,100,11.99
172,Eureka,US,2022-03-01 19:12:34,40.8021,-124.1637,67.17,78,100,1.99
173,San Ramon,US,2022-03-01 19:12:34,37.7799,-121.978,70.3,45,0,4.61
174,Dunedin,NZ,2022-03-01 19:12:15,-45.8742,170.5036,52.81,68,73,7.0
175,Verkhoyansk,RU,2022-03-01 19:12:35,67.5447,133.385,-30.55,100,96,1.19
176,Fairbanks,US,2022-03-01 19:08:30,64.8378,-147.7164,18.91,85,100,0.0
177,Zlobin,HR,2022-03-01 19:12:36,45.2924,14.6541,34.9,55,0,10.36
178,Moron,AR,2022-03-01 19:12:36,-34.6534,-58.6198,79.95,49,0,7.99
179,Sisimiut,GL,2022-03-01 19:12:37,66.9395,-53.6735,-1.61,93,14,0.74
180,Sao Joao Da Barra,BR,2022-03-01 19:12:37,-21.6403,-41.0511,87.89,78,0,15.57
181,Goderich,CA,2022-03-01 19:12:38,43.7501,-81.7165,37.2,92,100,13.09
182,Lakes Entrance,AU,2022-03-01 19:12:38,-37.8811,147.981,66.16,89,93,12.71
183,Christchurch,NZ,2022-03-01 19:10:55,-43.5333,172.6333,55.0,82,100,8.05
184,Karlstad,SE,2022-03-01 19:13:39,59.3793,13.5036,36.16,93,40,9.22
185,Whyalla,AU,2022-03-01 19:13:39,-33.0333,137.5833,67.89,83,0,6.91
186,Qaanaaq,GL,2022-03-01 19:13:40,77.484,-69.3632,7.12,59,9,12.26
187,Verkhnyaya Inta,RU,2022-03-01 19:13:40,65.9811,60.3094,12.58,96,99,13.67
188,Uray,RU,2022-03-01 19:13:40,60.1247,64.7758,13.19,92,7,8.01
189,San Quintin,MX,2022-03-01 19:13:41,30.4833,-115.95,68.58,35,12,5.75
190,Raudeberg,NO,2022-03-01 19:13:41,61.9875,5.1352,42.4,88,100,27.96
191,Lyskovo,RU,2022-03-01 19:13:42,56.0328,45.0422,25.05,96,96,2.93
192,Saskylakh,RU,2022-03-01 19:13:42,71.9167,114.0833,-34.96,100,64,4.21
193,Karasuk,RU,2022-03-01 19:13:43,53.7377,78.0403,25.07,93,100,13.62
194,Bathsheba,BB,2022-03-01 19:13:43,13.2167,-59.5167,84.81,65,20,19.57
195,Port-Cartier,CA,2022-03-01 19:13:44,50.0334,-66.8654,13.75,78,98,5.28
196,Bethel,US,2022-03-01 19:13:44,41.3712,-73.414,43.74,59,75,14.97
197,Wewak,PG,2022-03-01 19:13:45,-3.5534,143.6268,77.32,85,100,5.17
198,Gillette,US,2022-03-01 19:13:45,44.2911,-105.5022,62.11,33,40,9.22
199,Grand Gaube,MU,2022-03-01 19:13:46,-20.0064,57.6608,81.37,81,44,5.99
200,Mahebourg,MU,2022-03-01 19:13:46,-20.4081,57.7,81.25,83,75,11.5
201,Alta Floresta,BR,2022-03-01 19:13:47,-9.8756,-56.0861,84.4,71,98,1.03
202,Opuwo,NA,2022-03-01 19:13:47,-18.0607,13.84,72.48,72,100,3.15
203,Zhezkazgan,KZ,2022-03-01 19:13:48,47.8043,67.7144,6.78,86,6,6.6
204,Sept-Iles,CA,2022-03-01 19:12:40,50.2001,-66.3821,14.05,59,73,7.0
205,Mvuma,ZW,2022-03-01 19:13:48,-19.2792,30.5283,71.11,48,58,9.51
206,Thompson,CA,2022-03-01 19:12:35,55.7435,-97.8558,2.46,82,100,8.72
207,Bubaque,GW,2022-03-01 19:13:49,11.2833,-15.8333,75.79,70,0,20.58
208,Dikson,RU,2022-03-01 19:13:49,73.5069,80.5464,-13.79,99,100,8.21
209,Tigil,RU,2022-03-01 19:13:50,57.8,158.6667,3.13,98,100,3.98
210,Luderitz,NA,2022-03-01 19:13:50,-26.6481,15.1594,67.91,72,0,15.97
211,Roma,US,2022-03-01 19:12:21,43.2128,-75.4557,43.12,61,100,8.05
212,La Palma,US,2022-03-01 19:13:51,33.8464,-118.0467,88.99,23,0,1.99
213,Gat,IL,2022-03-01 19:13:51,31.61,34.7642,59.81,100,99,7.25
214,Aleksandrov Gay,RU,2022-03-01 19:13:52,50.147,48.5704,22.95,95,50,7.07
215,Hengshui,CN,2022-03-01 19:11:24,37.7322,115.7011,36.75,39,0,7.36
216,Citluk,BA,2022-03-01 19:13:53,43.2286,17.7008,34.16,69,63,6.76
217,Yuzhno-Kurilsk,RU,2022-03-01 19:13:53,44.0306,145.8556,19.94,80,3,4.97
218,Halapitan,PH,2022-03-01 19:13:53,7.9175,125.33,70.86,96,70,2.39
219,Port Blair,IN,2022-03-01 19:13:54,11.6667,92.75,77.04,94,40,0.0
220,Qaqortoq,GL,2022-03-01 19:13:54,60.7167,-46.0333,27.1,44,100,25.61
221,Bilma,NE,2022-03-01 19:13:55,18.6853,12.9164,78.64,7,0,6.51
222,Gloversville,US,2022-03-01 19:13:55,43.0528,-74.3438,35.56,75,100,4.68
223,Mogocha,RU,2022-03-01 19:13:56,53.7333,119.7667,-1.05,95,100,3.58
224,Barjora,IN,2022-03-01 19:13:56,23.4333,87.2833,73.22,44,2,1.34
225,Oranjemund,NA,2022-03-01 19:13:57,-28.55,16.4333,67.44,78,0,6.44
226,Broome,US,2022-03-01 19:13:57,42.2506,-75.833,43.63,64,100,9.22
227,Itacare,BR,2022-03-01 19:13:58,-14.2775,-38.9967,81.97,63,100,7.81
228,Karpathos,GR,2022-03-01 19:13:58,35.507,27.2132,53.56,87,100,4.61
229,Trincomalee,LK,2022-03-01 19:13:59,8.5711,81.2335,80.96,66,97,17.78
230,Lahij,YE,2022-03-01 19:13:59,13.1667,44.5833,73.62,71,25,5.26
231,Souillac,MU,2022-03-01 19:14:59,-20.5167,57.5167,81.36,83,75,11.5
232,Cherskiy,RU,2022-03-01 19:15:00,68.75,161.3,-16.82,100,96,7.18
233,Blagoyevo,RU,2022-03-01 19:15:01,63.3667,47.9167,28.58,93,100,7.18
234,College,US,2022-03-01 19:15:01,64.8569,-147.8028,18.9,85,100,0.0
235,Kribi,CM,2022-03-01 19:15:02,2.95,9.9167,81.9,81,100,11.74
236,Swellendam,ZA,2022-03-01 19:15:02,-34.0226,20.4417,68.38,77,89,5.64
237,Markova,UA,2022-03-01 19:15:03,48.6758,24.4138,25.29,96,100,2.68
238,Narsaq,GL,2022-03-01 19:15:04,60.9167,-46.05,26.82,44,100,31.09
239,Sechura,PE,2022-03-01 19:15:04,-5.5569,-80.8222,84.78,53,79,15.68
240,San Rafael Del Sur,NI,2022-03-01 19:15:05,11.8485,-86.4384,88.77,33,0,13.73
241,Auki,SB,2022-03-01 19:15:05,-8.7676,160.7034,77.49,86,69,3.96
242,East London,ZA,2022-03-01 19:15:06,-33.0153,27.9116,76.96,84,100,20.04
243,Naryan-Mar,RU,2022-03-01 19:15:06,67.6713,53.087,10.6,95,100,7.72
244,Provideniya,RU,2022-03-01 19:15:06,64.3833,-173.3,16.68,96,80,7.96
245,Nouadhibou,MR,2022-03-01 19:15:07,20.931,-17.0347,67.98,77,0,21.85
246,La Ronge,CA,2022-03-01 19:15:08,55.1001,-105.2842,8.85,52,75,2.3
247,Ixtapa,MX,2022-03-01 19:15:08,20.7,-105.2,79.83,61,0,5.75
248,Anadyr,RU,2022-03-01 19:15:09,64.75,177.4833,21.7,92,40,17.9
249,Ilulissat,GL,2022-03-01 19:15:09,69.2167,-51.1,23.02,33,75,19.57
250,Port Macquarie,AU,2022-03-01 19:14:55,-31.4333,152.9167,69.69,100,75,3.44
251,Adrar,MR,2022-03-01 19:15:10,20.5022,-10.0711,73.72,19,0,4.29
252,Guye,CN,2022-03-01 19:15:10,39.7333,118.4167,34.16,40,0,7.85
253,Kainantu,PG,2022-03-01 19:15:11,-6.2887,145.8655,60.96,99,100,1.66
254,Komsomolskiy,UZ,2022-03-01 19:15:12,40.4272,71.7189,48.92,66,75,4.61
255,Kununurra,AU,2022-03-01 19:15:12,-15.7667,128.7333,76.98,94,100,0.0
256,Sonoita,MX,2022-03-01 19:15:13,31.85,-112.8333,72.54,13,36,2.39
257,Grindavik,IS,2022-03-01 19:15:13,63.8424,-22.4338,32.47,69,0,9.22
258,Fortuna,US,2022-03-01 19:15:13,40.5982,-124.1573,63.52,67,100,9.22
259,Cayenne,GF,2022-03-01 19:15:14,4.9333,-52.3333,80.64,89,75,10.36
260,Oskarshamn,SE,2022-03-01 19:15:14,57.2645,16.4484,34.81,76,100,8.41
261,Xining,CN,2022-03-01 19:10:58,36.6167,101.7667,25.63,54,0,2.42
262,Bonavista,CA,2022-03-01 19:15:15,48.6499,-53.1147,21.11,52,100,19.1
263,Hofn,IS,2022-03-01 19:15:16,64.2539,-15.2082,31.37,60,0,13.98
264,Byron Bay,AU,2022-03-01 19:15:16,-28.65,153.6167,71.55,93,38,7.2
265,Poum,NC,2022-03-01 19:15:17,-20.2333,164.0167,82.35,76,100,14.36
266,Waipawa,NZ,2022-03-01 19:15:17,-41.4122,175.5153,56.44,91,96,11.97
267,Lesosibirsk,RU,2022-03-01 19:15:18,58.2358,92.4828,21.4,94,100,10.98
268,Kommunisticheskiy,RU,2022-03-01 19:15:18,61.6789,64.4819,12.38,94,6,6.4
269,Beringovskiy,RU,2022-03-01 19:15:19,63.05,179.3167,21.65,96,100,4.59
270,Malatya,TR,2022-03-01 19:11:11,38.5,38.0,37.45,100,100,3.44
271,Itoman,JP,2022-03-01 19:10:29,26.1247,127.6694,68.77,92,75,9.22
272,Oussouye,SN,2022-03-01 19:15:20,12.485,-16.5469,87.98,50,0,14.7
273,Norman Wells,CA,2022-03-01 19:10:32,65.282,-126.8329,-4.04,92,29,11.43
274,Pangkalanbuun,ID,2022-03-01 19:15:20,-2.6833,111.6167,73.69,98,26,3.11
275,Northam,GB,2022-03-01 19:15:21,51.0333,-4.2167,47.3,95,100,18.37
276,Stornoway,GB,2022-03-01 19:15:21,58.2093,-6.3865,40.93,82,20,5.75
277,Mogadishu,SO,2022-03-01 19:15:22,2.0371,45.3438,79.0,78,5,19.84
278,Tete,MZ,2022-03-01 19:16:42,-16.1564,33.5867,80.69,65,20,8.05
279,Khatassy,RU,2022-03-01 19:16:42,61.9036,129.6383,-5.03,99,100,2.73
280,San Patricio,US,2022-03-01 19:16:43,28.017,-97.5169,71.69,36,3,7.2
281,Mitu,CO,2022-03-01 19:16:43,1.1983,-70.1733,83.55,74,96,1.59
282,Corowa,AU,2022-03-01 19:16:44,-36.0333,146.3833,70.29,95,100,8.61
283,Macenta,GN,2022-03-01 19:16:45,8.5435,-9.471,75.56,69,100,3.0
284,Solvychegodsk,RU,2022-03-01 19:16:45,61.3305,46.9156,29.75,90,100,8.84
285,Saint-Joseph,RE,2022-03-01 19:16:45,-21.3667,55.6167,77.38,86,54,7.99
286,Charters Towers,AU,2022-03-01 19:16:46,-20.1,146.2667,78.8,72,88,7.29
287,Hadejia,NG,2022-03-01 19:16:46,12.4498,10.0444,81.75,6,0,8.41
288,Jumla,NP,2022-03-01 19:16:47,29.2747,82.1838,36.01,74,1,4.14
289,Barcelos,PT,2022-03-01 19:15:27,41.5388,-8.6151,53.92,95,53,5.44
290,Mount Isa,AU,2022-03-01 19:16:47,-20.7333,139.5,78.57,34,37,6.91
291,Lebu,CL,2022-03-01 19:16:48,-37.6167,-73.65,64.87,71,6,11.14
292,Sinazongwe,ZM,2022-03-01 19:16:49,-17.2614,27.4618,78.31,65,8,6.31
293,Surt,LY,2022-03-01 19:16:49,31.2089,16.5887,58.39,81,100,15.05
294,Steti,CZ,2022-03-01 19:16:50,50.453,14.3742,36.84,52,0,2.37
295,Rocha,UY,2022-03-01 19:16:50,-34.4833,-54.3333,77.83,32,0,1.16
296,Mpongwe,ZM,2022-03-01 19:16:51,-13.5091,28.155,67.03,87,43,6.2
297,Ribeira Grande,PT,2022-03-01 19:16:52,38.5167,-28.7,63.0,82,75,21.85
298,Basqal,AZ,2022-03-01 19:16:52,40.7552,48.391,30.72,84,100,3.36
299,Krasnoselkup,RU,2022-03-01 19:16:53,65.7,82.4667,12.18,94,100,19.66
300,Rosario,AR,2022-03-01 19:16:53,-32.9468,-60.6393,86.07,31,0,12.66
301,Iranshahr,IR,2022-03-01 19:16:54,27.2025,60.6848,70.14,35,0,4.61
302,Tsiroanomandidy,MG,2022-03-01 19:16:55,-18.7667,46.0333,67.66,96,98,3.15
303,Cassilandia,BR,2022-03-01 19:16:55,-19.1133,-51.7342,89.56,42,72,6.78
304,Nemuro,JP,2022-03-01 19:16:56,43.3236,145.575,25.14,73,92,7.85
305,Daru,PG,2022-03-01 19:16:56,-9.0763,143.2092,76.26,89,99,8.57
306,Deer Lake,CA,2022-03-01 19:16:58,49.1667,-57.4316,12.06,62,100,12.66
307,Vuktyl,RU,2022-03-01 19:16:58,63.8567,57.3094,7.32,98,98,4.18
308,Asau,RO,2022-03-01 19:16:59,46.4333,26.4,31.95,80,100,6.17
309,Tukrah,LY,2022-03-01 19:16:59,32.5341,20.5791,56.44,89,100,6.67
310,Kenai,US,2022-03-01 19:17:00,60.5544,-151.2583,29.14,91,100,3.44
311,Faya,SA,2022-03-01 19:17:00,18.3851,42.4509,60.91,52,43,5.28
312,Bambous Virieux,MU,2022-03-01 19:17:01,-20.3428,57.7575,81.21,83,75,11.5
313,Ranong,TH,2022-03-01 19:17:01,9.9658,98.6348,76.37,91,19,4.23
314,Burns Lake,CA,2022-03-01 19:17:02,54.2331,-125.7533,35.02,91,100,4.36
315,Millinocket,US,2022-03-01 19:17:02,45.6573,-68.7098,24.91,30,100,5.75
316,Muros,ES,2022-03-01 19:17:03,42.7762,-9.0603,56.08,81,14,14.5
317,Hamilton,US,2022-03-01 19:14:04,39.1834,-84.5333,65.25,34,0,16.11
318,Taybad,IR,2022-03-01 19:17:04,34.74,60.7756,50.32,65,12,7.29
319,Nome,US,2022-03-01 19:17:04,64.5011,-165.4064,11.16,78,0,0.0
320,Pitsunda,GE,2022-03-01 19:17:05,43.1592,40.3378,42.98,92,100,3.42
321,Domoni,KM,2022-03-01 19:17:05,-12.2569,44.5319,80.29,87,100,6.98
322,Mantua,IT,2022-03-01 19:17:05,45.1667,10.7833,45.48,61,0,3.38
323,Codrington,AU,2022-03-01 19:18:06,-38.2667,141.9667,63.72,97,99,8.55
324,Mirnyy,RU,2022-03-01 19:18:07,62.5353,113.9611,-17.7,100,100,3.49
325,Catuday,PH,2022-03-01 19:18:07,16.2923,119.8062,76.53,79,44,6.31
326,Inta,RU,2022-03-01 19:18:08,66.0317,60.1659,12.07,95,97,13.2
327,Katsuura,JP,2022-03-01 19:18:08,35.1333,140.3,50.18,68,55,12.88
328,Saint-Pierre,RE,2022-03-01 19:18:09,-21.3393,55.4781,78.48,78,0,4.61
329,Urumqi,CN,2022-03-01 19:18:09,43.801,87.6005,20.35,80,70,2.24
330,Muravlenko,RU,2022-03-01 19:18:12,63.7898,74.523,1.96,91,100,28.03
331,Beloha,MG,2022-03-01 19:18:12,-25.1667,45.05,72.61,92,56,6.91
332,Susangerd,IR,2022-03-01 19:18:15,31.5608,48.1831,57.22,25,99,4.94
333,La Roche-Sur-Yon,FR,2022-03-01 19:18:15,46.6667,-1.4333,56.64,76,0,3.44
334,Sorland,NO,2022-03-01 19:18:21,67.667,12.6934,39.27,88,100,36.26
335,Gazojak,TM,2022-03-01 19:18:22,41.1875,61.4036,49.37,69,68,2.89
336,Port-Gentil,GA,2022-03-01 19:18:22,-0.7193,8.7815,82.18,78,100,9.37
337,Barranca,PE,2022-03-01 19:18:23,-10.75,-77.7667,76.24,69,85,11.23
338,Bardiyah,LY,2022-03-01 19:18:23,31.7561,25.0865,60.76,80,98,11.25
339,Castrillon,ES,2022-03-01 19:18:24,43.3979,-6.7922,52.34,97,100,4.32
340,Jungapeo,MX,2022-03-01 19:18:24,19.45,-100.4833,81.3,23,2,8.48
341,Burnie,AU,2022-03-01 19:18:25,-41.0667,145.9167,66.92,71,100,17.85
342,Vityazevo,RU,2022-03-01 19:18:25,44.9931,37.2719,43.21,87,40,8.99
343,Mopipi,BW,2022-03-01 19:18:26,-21.1833,24.8833,79.09,46,12,3.24
344,Pechenga,RU,2022-03-01 19:18:26,69.5259,31.1703,29.26,95,100,21.45
345,Bandarban,BD,2022-03-01 19:18:27,22.1965,92.2262,62.01,51,99,3.04
346,Vega De Alatorre,MX,2022-03-01 19:18:27,20.0333,-96.6333,70.74,71,47,9.06
347,Cidreira,BR,2022-03-01 19:18:28,-30.1811,-50.2056,75.16,71,98,11.43
348,Barda,AZ,2022-03-01 19:18:28,40.3744,47.1267,53.22,67,100,5.59
349,Safranbolu,TR,2022-03-01 19:18:28,41.2508,32.6942,35.46,91,100,1.57
350,Coquimbo,CL,2022-03-01 19:18:33,-29.9533,-71.3436,67.73,68,20,16.11
351,Bundaberg,AU,2022-03-01 19:18:33,-24.85,152.35,75.49,95,100,3.44
352,Kulhudhuffushi,MV,2022-03-01 19:18:34,6.6221,73.07,82.33,70,99,8.7
353,Lamu,KE,2022-03-01 19:18:34,-2.2717,40.902,79.02,83,100,14.14
354,Tezu,IN,2022-03-01 19:18:35,27.9167,96.1667,60.96,52,36,4.16
355,Smithers,CA,2022-03-01 19:18:35,54.7804,-127.1743,35.92,93,75,2.3
356,Kedrovyy,RU,2022-03-01 19:18:36,56.1667,91.8167,28.81,86,100,13.42
357,Bay Roberts,CA,2022-03-01 19:18:36,47.5999,-53.2648,23.32,50,79,11.01
358,Surab,PK,2022-03-01 19:18:37,28.4914,66.2585,47.73,75,100,14.7
359,Tiznit,MA,2022-03-01 19:18:37,29.5833,-9.5,63.21,56,5,4.16
360,Tambovka,RU,2022-03-01 19:18:38,50.0969,128.0489,1.51,100,93,3.09
361,Mbala,ZM,2022-03-01 19:18:38,-8.8402,31.3659,62.01,87,43,3.11
362,Vanavara,RU,2022-03-01 19:18:39,60.34,102.2797,15.22,94,100,10.25
363,Abu Dhabi,AE,2022-03-01 19:17:21,24.4667,54.3667,68.97,75,0,4.61
364,Mathathane,BW,2022-03-01 19:19:40,-22.2687,28.7495,82.49,39,11,9.53
365,Aykhal,RU,2022-03-01 19:19:40,66.0,111.5,-19.75,100,95,6.51
366,Evensk,RU,2022-03-01 19:19:41,61.95,159.2333,0.23,81,100,11.39
367,Bengkulu,ID,2022-03-01 19:19:41,-3.8004,102.2655,76.21,85,100,4.45
368,Okhotsk,RU,2022-03-01 19:19:42,59.3833,143.3,2.34,98,100,2.46
369,Lata,PT,2022-03-01 19:19:42,40.1629,-8.3327,59.04,94,88,4.65
370,Mandera,KE,2022-03-01 19:19:42,3.9366,41.867,89.06,21,0,10.8
371,Vitim,RU,2022-03-01 19:19:43,59.4511,112.5578,-0.65,100,94,3.53
372,Hovd,MN,2022-03-01 19:19:43,48.0056,91.6419,2.16,65,7,6.64
373,Puerto Suarez,BO,2022-03-01 19:19:44,-18.95,-57.8,95.56,52,40,5.75
374,Atar,MR,2022-03-01 19:19:44,20.5169,-13.0499,78.71,25,0,10.98
375,Thinadhoo,MV,2022-03-01 19:19:45,0.5333,72.9333,84.7,64,95,15.37
376,Riyadh,SA,2022-03-01 19:15:50,24.6877,46.7219,66.34,27,0,9.19
377,Barra Patuca,HN,2022-03-01 19:18:14,15.8,-84.2833,81.36,63,6,7.83
378,Sorkjosen,NO,2022-03-01 19:19:45,69.8,20.9333,32.04,80,100,11.7
379,Puerto Ayacucho,VE,2022-03-01 19:19:46,5.6639,-67.6236,92.98,45,59,2.28
380,Gao,ML,2022-03-01 19:19:46,16.6362,1.637,87.93,10,98,3.8
381,Ainazi,LV,2022-03-01 19:19:47,57.8636,24.3578,33.98,79,0,8.03
382,Taoudenni,ML,2022-03-01 19:19:47,22.6783,-3.9836,85.08,16,0,11.41
383,Flinders,AU,2022-03-01 19:19:47,-34.5833,150.8552,68.81,92,100,5.99
384,Pacific Grove,US,2022-03-01 19:19:48,36.6177,-121.9166,74.39,56,0,11.01
385,Mazatlan,MX,2022-03-01 19:18:57,23.2167,-106.4167,76.96,75,0,10.36
386,Whitehorse,CA,2022-03-01 19:15:10,60.7161,-135.0538,26.1,80,100,2.3
387,Nhulunbuy,AU,2022-03-01 19:19:49,-12.2333,136.7667,83.01,83,100,6.91
388,Khatanga,RU,2022-03-01 19:19:49,71.9667,102.5,-5.71,94,53,12.75
389,Tessalit,ML,2022-03-01 19:19:50,20.1986,1.0114,86.43,8,99,5.82
390,Namioka,JP,2022-03-01 19:19:50,40.7072,140.5894,32.76,88,62,2.89
391,Pangnirtung,CA,2022-03-01 19:19:50,66.1451,-65.7125,-14.8,76,75,2.3
392,Marathon,US,2022-03-01 19:19:55,44.9,-89.7668,37.24,58,0,9.22
393,Dunda,TZ,2022-03-01 19:19:55,-8.1167,34.25,68.58,84,100,3.4
394,Ahuimanu,US,2022-03-01 19:20:31,21.4447,-157.8378,78.46,74,40,5.75
395,Tanout,NE,2022-03-01 19:20:31,14.9709,8.8879,78.31,6,0,10.2
396,Prince Rupert,CA,2022-03-01 19:20:32,54.3161,-130.3201,41.09,93,100,1.14
397,Tocache,PE,2022-03-01 19:20:32,-8.1842,-76.5125,86.61,62,74,3.04
398,Vestmannaeyjar,IS,2022-03-01 19:20:33,63.4427,-20.2734,38.34,61,100,17.36
399,Kralendijk,BQ,2022-03-01 19:17:16,12.15,-68.2667,85.98,66,75,20.71
400,Yorosso,ML,2022-03-01 19:20:34,12.3536,-4.7761,87.46,22,70,1.92
401,Saint-Augustin,CA,2022-03-01 19:20:34,51.226,-58.6502,9.57,72,100,13.29
402,Kimbe,PG,2022-03-01 19:20:34,-5.5502,150.1429,75.58,96,100,2.35
403,Covington,US,2022-03-01 19:20:35,39.0837,-84.5086,65.71,33,0,16.11
404,Saint-Francois,FR,2022-03-01 19:20:35,46.4154,3.9054,47.64,57,0,5.75
405,Lexington,US,2022-03-01 19:18:24,37.9887,-84.4777,65.52,24,0,19.57
406,Guerrero Negro,MX,2022-03-01 19:20:36,27.9769,-114.0611,71.49,36,26,5.82
407,Koumac,NC,2022-03-01 19:20:37,-20.5667,164.2833,80.13,80,100,9.71
408,Nema,RU,2022-03-01 19:20:37,57.5067,50.5011,8.49,100,86,3.58
409,Kholm,RU,2022-03-01 19:20:38,59.2667,32.85,24.04,95,20,5.59
410,Riacho De Santana,BR,2022-03-01 19:21:38,-13.6092,-42.9389,82.45,49,75,6.69
411,Alekseyevsk,RU,2022-03-01 19:21:39,57.8406,108.3492,-4.59,100,100,3.6
412,Praia,CV,2022-03-01 19:21:40,14.9215,-23.5087,73.94,53,75,23.02
413,Shar,KZ,2022-03-01 19:21:40,49.5886,81.0453,8.33,87,83,8.72
414,Brigantine,US,2022-03-01 19:21:41,39.4101,-74.3646,55.04,67,0,13.8
415,Key Largo,US,2022-03-01 19:21:41,25.0865,-80.4473,83.98,56,0,5.77
416,Cabo San Lucas,MX,2022-03-01 19:17:32,22.8909,-109.9124,84.51,47,20,5.01
417,Necochea,AR,2022-03-01 19:21:42,-38.5473,-58.7368,75.04,29,99,16.35
418,Batagay-Alyta,RU,2022-03-01 19:21:42,67.8006,130.4114,-26.59,96,90,5.01
419,Porto Novo,BJ,2022-03-01 19:21:43,6.4965,2.6036,84.02,80,82,10.83
420,Alice Springs,AU,2022-03-01 19:21:43,-23.7,133.8833,71.15,56,5,5.75
421,Planaltina,BR,2022-03-01 19:21:43,-15.4528,-47.6142,86.29,70,64,3.36
422,Omboue,GA,2022-03-01 19:21:44,-1.5746,9.2618,80.19,82,100,5.48
423,Atikokan,CA,2022-03-01 19:21:44,48.7555,-91.6216,20.89,73,7,5.66
424,Akdepe,TM,2022-03-01 19:21:45,42.0551,59.3788,42.89,67,96,4.65
425,Wanaka,NZ,2022-03-01 19:21:45,-44.7,169.15,49.66,88,48,4.61
426,Coahuayana,MX,2022-03-01 19:21:45,18.7333,-103.6833,89.08,37,0,7.85
427,Rajauri,IN,2022-03-01 19:21:46,33.3833,74.3,50.0,59,100,5.7
428,Rondonopolis,BR,2022-03-01 19:17:56,-16.4708,-54.6356,81.27,78,63,1.45
429,Pascagoula,US,2022-03-01 19:21:47,30.3658,-88.5561,73.06,33,0,5.75
430,Ambovombe,MG,2022-03-01 19:21:47,-25.1667,46.0833,74.34,90,20,9.4
431,Manado,ID,2022-03-01 19:21:48,1.487,124.8455,74.17,100,40,1.14
432,Hervey Bay,AU,2022-03-01 19:21:24,-25.2986,152.8535,75.31,93,32,8.01
433,Coihaique,CL,2022-03-01 19:21:48,-45.5752,-72.0662,64.35,42,40,12.66
434,Hualmay,PE,2022-03-01 19:21:49,-11.0964,-77.6139,76.33,72,74,9.98
435,Poltavka,RU,2022-03-01 19:21:49,54.3663,71.7632,22.91,91,100,12.53
436,Troitskoye,RU,2022-03-01 19:21:50,52.9821,84.6757,21.34,73,36,15.95
437,Lincoln,US,2022-03-01 19:18:02,40.8,-96.667,76.01,25,0,10.36
438,Sistranda,NO,2022-03-01 19:21:50,63.7256,8.834,39.9,75,18,43.84
439,Turukhansk,RU,2022-03-01 19:21:51,65.8167,87.9833,23.04,97,100,7.02
440,Voskresenskoye,RU,2022-03-01 19:21:51,56.8381,45.4317,16.38,99,62,3.6
441,Paamiut,GL,2022-03-01 19:21:52,61.994,-49.6678,11.55,87,100,24.2
442,Petropavlovsk-Kamchatskiy,RU,2022-03-01 19:21:52,53.0452,158.6483,14.59,41,0,11.18
443,Jalu,LY,2022-03-01 19:21:53,29.0331,21.5482,71.8,16,100,6.82
444,Mersing,MY,2022-03-01 19:21:53,2.4312,103.8405,75.11,94,26,3.44
445,Harper,LR,2022-03-01 19:21:54,4.375,-7.7169,81.12,81,65,9.71
446,San Jeronimo,PE,2022-03-01 19:21:54,-11.9472,-75.2829,59.29,61,97,4.21
447,Ibra,OM,2022-03-01 19:21:55,22.6906,58.5334,72.86,62,0,7.18
448,Egvekinot,RU,2022-03-01 19:21:55,66.3167,-179.1667,8.29,96,97,4.81
449,Deputatskiy,RU,2022-03-01 19:21:56,69.3,139.9,-27.15,99,78,4.21
450,Yulara,AU,2022-03-01 19:21:56,-25.2406,130.9889,80.44,34,26,8.05
451,Nanakuli,US,2022-03-01 19:21:56,21.3906,-158.1547,78.71,69,40,6.91
452,Pahrump,US,2022-03-01 19:21:18,36.2083,-115.9839,71.76,12,0,1.99
453,Batagay,RU,2022-03-01 19:21:57,67.6333,134.6333,-26.97,100,97,2.3
454,Arys,KZ,2022-03-01 19:21:57,42.4252,68.795,44.82,74,93,4.43
455,Atocha,BO,2022-03-01 19:21:58,-20.9333,-66.2333,60.22,38,100,8.52
456,Lysva,RU,2022-03-01 19:20:43,58.1086,57.8053,14.45,100,90,2.26
457,Darhan,MN,2022-03-01 19:22:58,49.4867,105.9228,0.54,97,7,4.41
458,Vila Franca Do Campo,PT,2022-03-01 19:22:59,37.7167,-25.4333,66.2,91,100,13.33
459,Astoria,US,2022-03-01 19:23:00,46.1879,-123.8313,55.71,96,100,13.8
460,Ukiah,US,2022-03-01 19:19:08,39.1502,-123.2078,71.44,53,0,1.01
461,Westport,US,2022-03-01 19:20:10,41.1415,-73.3579,45.32,62,100,11.5
462,Turinskaya Sloboda,RU,2022-03-01 19:23:01,57.6232,64.3858,14.5,92,10,6.35
463,Weligama,LK,2022-03-01 19:23:01,5.9667,80.4167,77.16,84,100,1.07
464,Ucluelet,CA,2022-03-01 19:23:02,48.9329,-125.5528,47.08,94,100,4.0
465,Isla Mujeres,MX,2022-03-01 19:23:03,21.2311,-86.731,82.45,63,0,15.37
466,Nara,JP,2022-03-01 19:18:53,34.6851,135.8049,45.97,92,98,2.53
467,Friedberg,DE,2022-03-01 19:23:03,48.3569,10.9846,35.31,72,0,2.3
468,Shubarshi,KZ,2022-03-01 19:23:04,48.5872,57.1869,13.1,96,16,2.98
469,Terrace,CA,2022-03-01 19:23:04,54.5163,-128.6035,37.31,100,75,3.44
470,Llangefni,GB,2022-03-01 19:23:04,53.2556,-4.3106,45.66,78,5,11.5
471,Sarangani,PH,2022-03-01 19:23:05,5.4033,125.4636,81.25,79,49,19.91
472,Luganville,VU,2022-03-01 19:23:05,-15.5333,167.1667,76.23,93,100,9.62
473,Goundam,ML,2022-03-01 19:23:06,16.4145,-3.6708,89.49,18,22,5.82
474,Garmsar,IR,2022-03-01 19:23:06,35.2182,52.3409,56.8,37,68,1.5
475,Laizhou,CN,2022-03-01 19:23:07,37.1717,119.9214,31.21,37,0,8.28
476,Motozintla,MX,2022-03-01 19:23:07,15.3667,-92.2333,73.49,46,78,2.3
477,Zaidpur,IN,2022-03-01 19:23:08,26.8333,81.3333,62.67,50,1,5.3
478,Tieli,CN,2022-03-01 19:23:08,46.95,128.05,15.26,96,100,5.5
479,Altay,CN,2022-03-01 19:23:08,47.8667,88.1167,14.76,74,56,6.78
480,Balabac,PH,2022-03-01 19:23:09,7.9868,117.0645,80.31,82,100,14.83
481,Bauchi,NG,2022-03-01 19:23:09,10.5,10.0,80.44,11,6,6.69
482,Makakilo City,US,2022-03-01 19:23:10,21.3469,-158.0858,77.29,70,40,6.91
483,Tripoli,LY,2022-03-01 19:21:03,32.8752,13.1875,55.42,61,100,16.15
484,Ongandjera,NA,2022-03-01 19:23:11,-17.8833,15.0667,74.64,66,56,11.32
485,Gushikawa,JP,2022-03-01 19:23:11,26.3544,127.8686,67.23,95,100,4.61
486,Son La,VN,2022-03-01 19:23:12,21.3167,103.9,61.14,96,36,4.03
487,Belmonte,BR,2022-03-01 19:23:12,-15.8631,-38.8828,84.7,57,100,8.08
488,Brae,GB,2022-03-01 19:23:13,60.3964,-1.353,44.51,79,67,16.82
489,Taltal,CL,2022-03-01 19:23:13,-25.4,-70.4833,70.39,68,5,5.66
490,Dawson Creek,CA,2022-03-01 19:23:14,55.7666,-120.2362,17.24,79,100,6.91
491,Presidente Medici,BR,2022-03-01 19:23:15,-11.1753,-61.9014,83.44,81,98,3.4
492,Vostok,RU,2022-03-01 19:23:16,46.4856,135.8833,2.57,99,87,4.65
493,Boende,CD,2022-03-01 19:23:16,-0.2167,20.8667,72.32,89,100,3.11
494,Doha,QA,2022-03-01 19:23:16,25.2867,51.5333,67.98,40,0,9.22
495,Grand Island,US,2022-03-01 19:23:17,40.925,-98.342,71.89,24,0,7.0
496,Santa Isabel,BR,2022-03-01 19:23:17,-23.3156,-46.2214,89.65,64,100,6.89
497,Palauig,PH,2022-03-01 19:23:18,15.435,119.9045,77.59,65,95,4.7
498,Channel-Port Aux Basques,CA,2022-03-01 19:23:18,47.5702,-59.1367,17.26,74,100,23.35
499,Kidal,ML,2022-03-01 19:18:55,18.4411,1.4078,86.43,10,100,6.78
500,Kailua,US,2022-03-01 19:23:19,21.4022,-157.7394,78.75,76,0,1.01
501,Nishihara,JP,2022-03-01 19:24:19,26.1842,127.7558,67.28,97,75,10.36
502,Aden,YE,2022-03-01 19:24:20,12.7794,45.0367,77.88,74,32,16.26
503,Gornopravdinsk,RU,2022-03-01 19:24:20,60.05,69.9,15.8,85,58,11.54
504,Chauk,MM,2022-03-01 19:24:20,20.8833,94.8167,74.77,33,6,4.43
505,Kutum,SD,2022-03-01 19:24:21,14.2,24.6667,70.86,9,21,8.12
506,Barabai,ID,2022-03-01 19:24:21,-2.5833,115.3833,74.37,96,27,1.21
507,Sabang,ID,2022-03-01 19:24:22,5.8933,95.3214,81.16,74,100,4.79
508,Ahipara,NZ,2022-03-01 19:24:22,-35.1667,173.1667,62.42,80,100,4.88
509,Port Hawkesbury,CA,2022-03-01 19:24:23,45.6169,-61.3485,23.92,63,0,9.22
510,Saldanha,ZA,2022-03-01 19:24:23,-33.0117,17.9442,66.25,89,0,10.27
511,Tamandare,BR,2022-03-01 19:24:24,-8.7597,-35.1047,83.26,63,100,10.31
512,Turbat,PK,2022-03-01 19:24:24,26.0023,63.044,72.48,69,7,6.73
513,Bratsk,RU,2022-03-01 19:24:25,56.1325,101.6142,18.09,87,100,10.98
514,Zheleznogorsk-Ilimskiy,RU,2022-03-01 19:24:25,56.5768,104.1217,8.76,95,100,5.3
515,Glace Bay,CA,2022-03-01 19:24:25,46.1969,-59.957,22.21,55,75,5.75
516,Kautokeino,NO,2022-03-01 19:24:26,69.0125,23.0412,25.77,82,100,13.38
517,Marawi,PH,2022-03-01 19:24:26,7.9986,124.2928,66.65,94,100,1.07
518,Poya,NC,2022-03-01 19:24:27,-21.35,165.15,78.87,89,100,11.95
519,Marsa Matruh,EG,2022-03-01 19:24:27,31.3525,27.2453,61.0,82,0,8.05
520,Kintinku,TZ,2022-03-01 19:24:27,-5.8833,35.2333,71.89,78,99,1.81
521,Copacabana,CO,2022-03-01 19:24:28,6.3463,-75.5089,82.74,47,40,13.8
522,Wanning,CN,2022-03-01 19:24:28,18.8003,110.3967,68.45,95,100,6.46
523,Susanville,US,2022-03-01 19:24:29,40.4163,-120.653,57.81,47,0,3.44
524,Mayo,US,2022-03-01 19:24:29,38.8876,-76.5119,55.36,55,0,11.5
525,Tomatlan,MX,2022-03-01 19:24:30,19.9333,-105.25,87.51,47,11,10.56
526,Atherton,GB,2022-03-01 19:21:28,53.5237,-2.4935,44.89,76,6,8.01
527,Panzhihua,CN,2022-03-01 19:24:30,26.5851,101.7128,52.41,55,0,1.66
528,Diego De Almagro,CL,2022-03-01 19:24:31,-26.3667,-70.05,80.67,24,0,12.59
529,Anuchino,RU,2022-03-01 19:24:31,43.9622,133.0544,10.81,94,6,4.23
530,Araouane,ML,2022-03-01 19:24:31,18.9048,-3.5265,83.89,21,89,4.88
531,Brasilia,BR,2022-03-01 19:22:50,-15.7797,-47.9297,85.12,35,40,11.5
532,Sibu,MY,2022-03-01 19:24:32,2.3,111.8167,77.31,100,40,0.0
533,Bouza,NE,2022-03-01 19:24:33,14.4229,6.0428,80.85,8,0,6.2
534,Mul,IN,2022-03-01 19:24:33,20.0667,79.6667,77.32,30,4,6.26
535,Toora-Khem,RU,2022-03-01 19:24:34,52.4675,96.11,-7.1,99,61,1.74
536,Geraldton,AU,2022-03-01 19:24:34,-28.7667,114.6,68.41,68,89,9.22
537,Russell,US,2022-03-01 19:20:24,32.3502,-85.1999,70.92,26,0,6.91
538,Kingsville,US,2022-03-01 19:24:35,27.5159,-97.8561,71.69,42,20,8.05
539,Gaya,IN,2022-03-01 19:21:29,24.7833,85.0,62.51,82,1,0.0
540,Kempele,FI,2022-03-01 19:24:35,64.9131,25.5034,35.62,75,0,10.36
541,Esperance,AU,2022-03-01 19:24:36,-33.8667,121.9,69.64,76,100,14.2
542,Preobrazheniye,RU,2022-03-01 19:24:36,42.9019,133.9064,25.45,60,1,7.07
543,Sumkino,RU,2022-03-01 19:24:37,58.1108,68.3244,18.79,87,98,10.65
544,Iwaki,JP,2022-03-01 19:24:37,37.05,140.8833,46.02,67,18,4.0
545,Port Hedland,AU,2022-03-01 19:24:37,-20.3167,118.5667,80.65,94,100,4.61
546,Maple Creek,CA,2022-03-01 19:24:38,49.9168,-109.4848,41.41,80,100,5.75
547,Cavalcante,BR,2022-03-01 19:24:38,-13.7975,-47.4583,77.77,62,87,3.8
548,Serra Talhada,BR,2022-03-01 19:24:39,-7.9919,-38.2983,89.78,34,100,11.77
549,Pagouria,GR,2022-03-01 19:25:40,41.0291,25.3184,40.78,76,18,7.74
550,Tucumcari,US,2022-03-01 19:25:41,35.1717,-103.725,71.94,8,0,3.44
551,Cervo,ES,2022-03-01 19:21:59,43.6702,-7.4101,54.19,88,94,12.24
552,Cilegon,ID,2022-03-01 19:25:41,-6.0174,106.0538,76.89,82,100,13.71
553,Arlit,NE,2022-03-01 19:25:42,18.7369,7.3853,83.19,8,1,8.93
554,Anshun,CN,2022-03-01 19:25:42,26.25,105.9333,42.46,93,13,2.44
555,Soe,ID,2022-03-01 19:25:43,-9.8607,124.284,65.59,89,100,4.05
556,Ust-Kuyga,RU,2022-03-01 19:25:43,70.0167,135.6,-33.92,100,100,3.58
557,Zhangzhou,CN,2022-03-01 19:25:44,24.5133,117.6556,62.53,92,88,5.55
558,Dzhebariki-Khaya,RU,2022-03-01 19:25:44,62.2167,135.8,-30.17,100,87,0.49
559,San Javier,ES,2022-03-01 19:25:45,37.8063,-0.8374,58.05,72,0,3.44
560,Nizwa,OM,2022-03-01 19:25:45,22.9333,57.5333,73.38,50,0,2.71
