City_ID,City,Country,Date,Lat,Lng,Max Temp,Humidity,Cloudiness,Wind Speed,Current Description
0,Jamestown,US,2022-03-03 06:28:03,42.097,-79.2353,33.08,69,100,18.41,overcast clouds
1,Guaratinga,BR,2022-03-03 06:28:04,-16.5667,-39.5667,74.07,98,98,1.86,light rain
2,Rikitea,PF,2022-03-03 06:26:48,-23.1203,-134.9692,80.28,70,8,19.66,light rain
3,Hovd,MN,2022-03-03 06:28:05,48.0056,91.6419,18.7,64,0,6.44,clear sky
4,San Vicente,AR,2022-03-03 06:28:05,-26.6167,-54.1333,64.45,99,100,1.32,moderate rain
5,Kermanshah,IR,2022-03-03 06:28:06,34.3142,47.065,59.9,17,75,13.8,broken clouds
6,Homestead,US,2022-03-03 06:27:16,25.4687,-80.4776,72.0,73,55,6.51,broken clouds
7,Hobart,AU,2022-03-03 06:28:07,-42.8794,147.3294,82.22,56,20,16.11,few clouds
8,Chokurdakh,RU,2022-03-03 06:28:08,70.6333,147.9167,-10.68,97,93,3.49,overcast clouds
9,Nantucket,US,2022-03-03 06:28:08,41.2835,-70.0995,41.11,86,100,9.22,overcast clouds
10,Airai,TL,2022-03-03 06:28:09,-8.9266,125.4092,73.26,63,57,3.51,moderate rain
11,Virginia Beach,US,2022-03-03 06:26:01,36.8529,-75.978,52.0,76,0,9.22,clear sky
12,Busselton,AU,2022-03-03 06:28:10,-33.65,115.3333,77.04,37,35,7.43,scattered clouds
13,Portland,US,2022-03-03 06:26:32,45.5234,-122.6762,50.45,96,100,3.44,moderate rain
14,Faanui,PF,2022-03-03 06:28:11,-16.4833,-151.75,81.66,75,33,16.53,light rain
15,Lavrentiya,RU,2022-03-03 06:28:12,65.5833,-171.0,6.06,92,20,9.04,few clouds
16,Ponta Do Sol,PT,2022-03-03 06:28:12,32.6667,-17.1,64.06,75,55,5.3,broken clouds
17,Te Anau,NZ,2022-03-03 06:28:14,-45.4167,167.7167,69.91,59,100,2.66,overcast clouds
18,Ushuaia,AR,2022-03-03 06:24:03,-54.8,-68.3,47.86,81,75,4.61,light intensity drizzle
19,Qaanaaq,GL,2022-03-03 06:28:14,77.484,-69.3632,6.28,54,0,9.06,clear sky
20,Norman Wells,CA,2022-03-03 06:28:15,65.282,-126.8329,5.04,66,20,6.91,few clouds
21,Bethel,US,2022-03-03 06:28:15,41.3712,-73.414,45.01,77,91,8.93,overcast clouds
22,Nizhniy Tsasuchey,RU,2022-03-03 06:28:16,50.5167,115.1333,23.99,73,100,10.65,overcast clouds
23,Innisfail,AU,2022-03-03 06:28:16,-17.5333,146.0333,88.63,67,33,9.4,scattered clouds
24,Bengkulu,ID,2022-03-03 06:27:34,-3.8004,102.2655,85.8,65,29,12.97,light rain
25,Roebourne,AU,2022-03-03 06:28:17,-20.7833,117.1333,97.3,39,43,15.61,scattered clouds
26,Cape Town,ZA,2022-03-03 06:24:49,-33.9258,18.4232,67.26,86,40,6.91,scattered clouds
27,Altay,CN,2022-03-03 06:28:18,47.8667,88.1167,22.68,83,71,2.91,broken clouds
28,Hithadhoo,MV,2022-03-03 06:28:18,-0.6,73.0833,83.03,69,27,13.06,scattered clouds
29,Katsuura,JP,2022-03-03 06:28:19,35.1333,140.3,55.51,65,43,6.11,scattered clouds
30,Kimbe,PG,2022-03-03 06:28:20,-5.5502,150.1429,82.76,77,100,3.06,light rain
31,Lons-Le-Saunier,FR,2022-03-03 06:28:20,46.75,5.75,43.23,86,80,1.74,broken clouds
32,Havre-Saint-Pierre,CA,2022-03-03 06:28:21,50.2334,-63.5986,15.8,77,0,9.22,clear sky
33,Rio Gallegos,AR,2022-03-03 06:28:21,-51.6226,-69.2181,53.65,87,100,6.91,overcast clouds
34,Albany,US,2022-03-03 06:28:22,42.6001,-73.9662,31.08,82,99,3.76,light snow
35,Ormara,PK,2022-03-03 06:28:23,25.2088,64.6357,74.89,61,0,4.09,clear sky
36,Mitsamiouli,KM,2022-03-03 06:28:24,-11.3847,43.2844,86.29,70,20,10.36,few clouds
37,Saskylakh,RU,2022-03-03 06:28:25,71.9167,114.0833,-23.24,97,51,2.35,broken clouds
38,Clyde River,CA,2022-03-03 06:28:25,70.4692,-68.5914,7.03,85,100,35.68,snow
39,Pangnirtung,CA,2022-03-03 06:28:26,66.1451,-65.7125,6.6,86,100,1.16,overcast clouds
40,Manzanillo,CU,2022-03-03 06:28:27,20.3433,-77.1167,73.04,81,58,7.49,broken clouds
41,Carnarvon,AU,2022-03-03 06:28:27,-24.8667,113.6333,80.67,41,0,27.63,clear sky
42,Vaini,TO,2022-03-03 06:28:28,-21.2,-175.2,77.16,94,100,9.22,light rain
43,Longyearbyen,SJ,2022-03-03 06:28:28,78.2186,15.6401,10.24,85,100,13.8,light snow
44,Lahat,ID,2022-03-03 06:28:29,-3.8,103.5333,87.26,64,63,5.91,broken clouds
45,Dhidhdhoo,MV,2022-03-03 06:28:29,6.8833,73.1,82.89,57,48,6.55,scattered clouds
46,Hobyo,SO,2022-03-03 06:28:30,5.3505,48.5268,81.57,59,76,19.15,broken clouds
47,Mehamn,NO,2022-03-03 06:28:30,71.0357,27.8492,31.91,79,100,31.09,light snow
48,Dong Hoi,VN,2022-03-03 06:28:31,17.4833,106.6,74.8,81,90,7.43,overcast clouds
49,Karasburg,NA,2022-03-03 06:28:32,-28.0167,18.75,65.48,61,52,3.31,broken clouds
50,Balkhash,KZ,2022-03-03 06:28:33,46.844,74.9804,23.61,93,100,8.95,overcast clouds
51,Tunceli,TR,2022-03-03 06:28:33,39.1083,39.5471,50.86,96,100,9.69,overcast clouds
52,Cidreira,BR,2022-03-03 06:28:34,-30.1811,-50.2056,72.48,94,9,2.57,clear sky
53,Narsaq,GL,2022-03-03 06:28:35,60.9167,-46.05,21.42,93,99,6.46,overcast clouds
54,Blagoveshchensk,RU,2022-03-03 06:28:35,50.2667,127.5333,30.81,34,0,8.95,clear sky
55,Husavik,IS,2022-03-03 06:28:36,66.0449,-17.3389,37.31,92,100,5.08,light rain
56,Laguna,US,2022-03-03 06:28:37,38.421,-121.4238,61.02,61,0,5.75,clear sky
57,Mozarlandia,BR,2022-03-03 06:28:38,-14.7447,-50.5706,70.11,93,69,3.67,broken clouds
58,Aklavik,CA,2022-03-03 06:28:39,68.2191,-135.0107,2.23,98,59,9.66,broken clouds
59,Mataura,NZ,2022-03-03 06:28:40,-46.1927,168.8643,63.48,67,96,5.64,overcast clouds
60,Esperance,AU,2022-03-03 06:28:41,-33.8667,121.9,67.84,54,79,19.89,broken clouds
61,Chuy,UY,2022-03-03 06:28:41,-33.6971,-53.4616,64.94,79,0,6.4,clear sky
62,Ewo,CG,2022-03-03 06:28:42,-0.8725,14.8206,73.78,87,95,3.96,overcast clouds
63,Zenzeli,RU,2022-03-03 06:28:43,45.9241,47.0474,47.03,66,83,19.62,broken clouds
64,Merauke,ID,2022-03-03 06:28:44,-8.4667,140.3333,84.74,70,84,9.35,light rain
65,Punta Arenas,CL,2022-03-03 06:24:14,-53.15,-70.9167,51.91,93,100,11.5,light rain
66,Bluff,NZ,2022-03-03 06:28:45,-46.6,168.3333,63.81,80,93,2.66,overcast clouds
67,Antofagasta,CL,2022-03-03 06:28:45,-23.65,-70.4,67.17,82,32,2.21,scattered clouds
68,Cherskiy,RU,2022-03-03 06:28:46,68.75,161.3,-16.02,99,75,4.34,broken clouds
69,Weiden,DE,2022-03-03 06:28:46,49.6775,12.1567,34.2,86,0,0.0,clear sky
70,Bredasdorp,ZA,2022-03-03 06:28:47,-34.5322,20.0403,70.92,68,0,12.66,clear sky
71,Lagos,NG,2022-03-03 06:24:49,6.5833,3.75,77.32,88,72,3.06,broken clouds
72,Maceio,BR,2022-03-03 06:25:02,-9.6658,-35.7353,76.44,88,40,1.14,scattered clouds
73,Hispania,CO,2022-03-03 06:28:48,5.7993,-75.9072,72.73,92,93,0.87,overcast clouds
74,Upernavik,GL,2022-03-03 06:28:49,72.7868,-56.1549,-0.15,86,98,7.07,overcast clouds
75,Lazaro Cardenas,MX,2022-03-03 06:28:50,17.9583,-102.2,72.5,79,0,5.08,clear sky
76,Ambilobe,MG,2022-03-03 06:28:50,-13.2,49.05,77.7,91,100,10.13,light rain
77,Barrow,US,2022-03-03 06:28:51,71.2906,-156.7887,10.42,85,100,8.05,overcast clouds
78,Yar-Sale,RU,2022-03-03 06:28:51,66.8333,70.8333,7.97,95,100,10.87,light snow
79,Port Blair,IN,2022-03-03 06:28:52,11.6667,92.75,87.84,70,40,9.22,scattered clouds
80,Monterey,US,2022-03-03 06:28:53,36.2505,-121.2516,50.7,37,90,4.83,overcast clouds
81,Yarada,IN,2022-03-03 06:28:54,17.65,83.2667,86.32,45,40,5.75,haze
82,Oyama,JP,2022-03-03 06:28:55,36.3,139.8,60.57,22,6,6.69,clear sky
83,Arraial Do Cabo,BR,2022-03-03 06:25:54,-22.9661,-42.0278,75.79,93,2,16.55,clear sky
84,Hermanus,ZA,2022-03-03 06:28:56,-34.4187,19.2345,65.89,83,0,9.57,clear sky
85,Baruun-Urt,MN,2022-03-03 06:28:56,46.6806,113.2792,28.67,56,81,17.87,broken clouds
86,Victoria,HK,2022-03-03 06:28:57,22.2855,114.1577,79.18,75,58,14.0,broken clouds
87,Road Town,VG,2022-03-03 06:28:58,18.4167,-64.6167,77.09,78,5,14.67,clear sky
88,Genhe,CN,2022-03-03 06:28:59,50.7833,121.5167,22.62,63,100,4.41,overcast clouds
89,Erice,IT,2022-03-03 06:29:00,38.037,12.5865,38.03,74,73,4.79,broken clouds
90,Dickinson,US,2022-03-03 06:29:00,29.4608,-95.0513,60.94,90,0,0.0,clear sky
91,Dikson,RU,2022-03-03 06:29:01,73.5069,80.5464,-8.18,95,100,9.73,overcast clouds
92,Zhongxing,CN,2022-03-03 06:29:01,33.7039,118.6792,65.05,23,0,8.25,clear sky
93,Tiksi,RU,2022-03-03 06:29:02,71.6872,128.8694,-19.95,100,94,3.18,overcast clouds
94,Hambantota,LK,2022-03-03 06:29:02,6.1241,81.1185,89.35,49,97,12.62,light rain
95,Itarema,BR,2022-03-03 06:29:03,-2.9248,-39.9167,77.86,85,79,7.65,broken clouds
96,Borba,BR,2022-03-03 06:29:03,-4.3878,-59.5939,72.82,98,100,1.54,overcast clouds
97,Mercedes,AR,2022-03-03 06:29:04,-34.6515,-59.4307,66.63,85,0,8.5,clear sky
98,Atuona,PF,2022-03-03 06:29:05,-9.8,-139.0333,78.69,78,12,20.6,light rain
99,Bilma,NE,2022-03-03 06:29:05,18.6853,12.9164,66.34,19,19,10.56,few clouds
100,Sidney,AU,2022-03-03 06:28:26,-33.8679,151.2073,74.53,92,75,24.16,light rain
101,Vanavara,RU,2022-03-03 06:29:06,60.34,102.2797,9.57,87,100,12.33,overcast clouds
102,Ceatalchioi,RO,2022-03-03 06:29:07,45.2886,28.7937,34.52,89,100,14.79,overcast clouds
103,Makat,KZ,2022-03-03 06:29:07,47.6469,53.3463,42.89,70,40,13.24,scattered clouds
104,Streator,US,2022-03-03 06:29:08,41.1209,-88.8354,39.0,82,73,1.99,broken clouds
105,Lebu,CL,2022-03-03 06:29:08,-37.6167,-73.65,60.76,92,92,14.52,overcast clouds
106,East London,ZA,2022-03-03 06:29:10,-33.0153,27.9116,70.74,78,20,12.66,few clouds
107,Praia Da Vitoria,PT,2022-03-03 06:29:10,38.7333,-27.0667,51.76,100,20,5.35,few clouds
108,Ketchikan,US,2022-03-03 06:29:11,55.3422,-131.6461,42.78,87,100,8.05,overcast clouds
109,Sindor,RU,2022-03-03 06:29:11,62.8629,51.8905,24.48,96,100,4.92,overcast clouds
110,Sherbakul,RU,2022-03-03 06:29:12,54.6316,72.3963,19.08,88,74,15.1,broken clouds
111,Egvekinot,RU,2022-03-03 06:29:13,66.3167,-179.1667,1.81,86,5,9.31,clear sky
112,Shelburne,CA,2022-03-03 06:29:13,44.0787,-80.2041,19.29,76,82,16.58,broken clouds
113,Sao Joao Da Barra,BR,2022-03-03 06:27:36,-21.6403,-41.0511,75.22,90,2,11.45,clear sky
114,Saint George,US,2022-03-03 06:24:56,37.1041,-113.5841,59.54,34,0,0.0,clear sky
115,Madang,PG,2022-03-03 06:29:14,-5.2246,145.7966,84.52,73,49,7.14,light rain
116,Ardakan,IR,2022-03-03 06:29:15,32.31,54.0175,61.18,18,37,7.07,scattered clouds
117,Glarus,CH,2022-03-03 06:29:15,47.0406,9.068,34.66,64,43,4.7,scattered clouds
118,Kruisfontein,ZA,2022-03-03 06:29:16,-34.0033,24.7314,70.88,60,0,5.17,clear sky
119,Namatanai,PG,2022-03-03 06:29:17,-3.6667,152.4333,84.52,72,89,4.99,overcast clouds
120,Berlevag,NO,2022-03-03 06:29:17,70.8578,29.0864,31.95,80,75,31.07,broken clouds
121,Glenluce,GB,2022-03-03 06:29:18,54.8798,-4.8084,44.29,96,100,21.09,overcast clouds
122,Kavieng,PG,2022-03-03 06:29:18,-2.5744,150.7967,84.27,70,98,4.56,overcast clouds
123,Dakar,SN,2022-03-03 06:29:19,14.6937,-17.4441,65.28,94,0,11.5,clear sky
124,Kafanchan,NG,2022-03-03 06:29:20,9.5833,8.3,71.13,47,63,0.67,broken clouds
125,Ust-Kulom,RU,2022-03-03 06:29:20,61.6864,53.6902,26.37,96,100,5.17,overcast clouds
126,Mar Del Plata,AR,2022-03-03 06:26:10,-38.0023,-57.5575,57.87,78,0,4.61,clear sky
127,Provideniya,RU,2022-03-03 06:29:21,64.3833,-173.3,11.73,93,44,11.45,scattered clouds
128,Betioky,MG,2022-03-03 06:29:21,-23.7167,44.3833,79.38,73,55,2.98,broken clouds
129,Luleburgaz,TR,2022-03-03 06:29:22,41.4039,27.3592,36.77,80,65,5.82,broken clouds
130,Saint-Philippe,RE,2022-03-03 06:29:22,-21.3585,55.7679,85.55,86,40,10.49,light rain
131,Fort Nelson,CA,2022-03-03 06:29:23,58.8053,-122.7002,8.19,85,100,4.61,light snow
132,Soyo,AO,2022-03-03 06:29:24,-6.1349,12.3689,79.97,88,98,3.67,light rain
133,The Valley,AI,2022-03-03 06:29:25,18.217,-63.0578,76.86,79,8,14.14,clear sky
134,Makakilo City,US,2022-03-03 06:29:25,21.3469,-158.0858,75.52,74,0,10.36,clear sky
135,Port Elizabeth,ZA,2022-03-03 06:29:26,-33.918,25.5701,73.69,60,0,10.36,clear sky
136,Mahebourg,MU,2022-03-03 06:29:26,-20.4081,57.7,82.26,100,75,13.8,broken clouds
137,Poum,NC,2022-03-03 06:29:27,-20.2333,164.0167,82.18,75,100,9.01,overcast clouds
138,Kabare,CD,2022-03-03 06:29:28,-2.4683,28.8242,65.57,87,70,1.7,broken clouds
139,Strasice,CZ,2022-03-03 06:29:29,49.7355,13.7576,31.75,59,51,1.43,broken clouds
140,Werda,BW,2022-03-03 06:29:29,-25.2667,23.2833,74.62,61,46,15.14,scattered clouds
141,Hasaki,JP,2022-03-03 06:29:30,35.7333,140.8333,59.29,66,76,8.05,broken clouds
142,Kompaniyivka,UA,2022-03-03 06:29:31,48.2511,32.208,33.8,93,100,8.23,overcast clouds
143,New Norfolk,AU,2022-03-03 06:29:31,-42.7826,147.0587,81.88,38,12,3.0,few clouds
144,Beni,CD,2022-03-03 06:29:32,0.5,29.4667,67.37,85,27,0.67,scattered clouds
145,Tasiilaq,GL,2022-03-03 06:29:32,65.6145,-37.6368,30.36,77,100,22.88,overcast clouds
146,Berdsk,RU,2022-03-03 06:29:33,54.7551,83.0967,20.03,85,93,19.42,overcast clouds
147,Chala,TZ,2022-03-03 06:29:33,-7.5833,31.2667,62.53,86,98,2.01,overcast clouds
148,Port Macquarie,AU,2022-03-03 06:29:34,-31.4333,152.9167,71.56,81,61,12.46,broken clouds
149,Thompson,CA,2022-03-03 06:29:35,55.7435,-97.8558,-18.24,76,0,0.0,clear sky
150,Requena,ES,2022-03-03 06:25:12,39.4883,-1.1004,43.5,77,3,5.26,clear sky
151,Torbay,CA,2022-03-03 06:29:36,47.6666,-52.7314,34.29,93,100,24.16,light snow
152,Romodanovo,RU,2022-03-03 06:29:36,54.4275,45.3296,26.74,96,99,5.46,overcast clouds
153,Fortuna,US,2022-03-03 06:29:37,40.5982,-124.1573,52.41,94,100,9.22,overcast clouds
154,Ngama,TD,2022-03-03 06:29:38,11.7833,17.1667,75.45,7,52,9.15,broken clouds
155,Shahr-E Kord,IR,2022-03-03 06:29:38,32.3256,50.8644,47.97,40,0,2.3,clear sky
156,Boguchany,RU,2022-03-03 06:29:39,58.3814,97.4531,11.39,81,100,12.5,overcast clouds
157,Along,IN,2022-03-03 06:29:40,28.1667,94.7667,81.3,29,9,2.26,clear sky
158,Sistranda,NO,2022-03-03 06:29:41,63.7256,8.834,35.91,84,79,11.56,broken clouds
159,Kamenka,RU,2022-03-03 06:29:41,51.3223,42.7678,28.74,97,100,8.41,overcast clouds
160,Port Lincoln,AU,2022-03-03 06:25:29,-34.7333,135.8667,78.91,54,100,1.7,overcast clouds
161,Santiago Del Estero,AR,2022-03-03 06:29:43,-27.7951,-64.2615,79.21,65,87,5.12,overcast clouds
162,Hilo,US,2022-03-03 06:27:35,19.7297,-155.09,74.8,93,100,4.61,light rain
163,Rock Springs,US,2022-03-03 06:29:43,41.5875,-109.2029,44.04,42,0,0.0,clear sky
164,Yaroslavl,RU,2022-03-03 06:27:47,57.6299,39.8737,19.2,79,0,0.0,clear sky
165,Khandyga,RU,2022-03-03 06:29:44,62.6667,135.6,-4.86,86,98,1.52,overcast clouds
166,Sao Filipe,CV,2022-03-03 06:29:45,14.8961,-24.4956,71.94,68,0,12.46,clear sky
167,Bilibino,RU,2022-03-03 06:29:45,68.0546,166.4372,-5.91,99,35,4.38,scattered clouds
168,Avarua,CK,2022-03-03 06:29:45,-21.2078,-159.775,82.45,78,20,5.75,few clouds
169,Yellowknife,CA,2022-03-03 06:29:46,62.456,-114.3525,-22.45,69,0,2.3,clear sky
170,Benjamin Aceval,PY,2022-03-03 06:29:47,-24.9667,-57.5667,75.6,99,99,4.36,overcast clouds
171,Puerto Ayora,EC,2022-03-03 06:29:48,-0.7393,-90.3518,75.54,95,40,1.99,scattered clouds
172,Lumphat,KH,2022-03-03 06:29:49,13.4878,106.9816,100.38,23,74,5.53,broken clouds
173,Port Hardy,CA,2022-03-03 06:29:50,50.6996,-127.4199,44.6,93,100,4.61,light intensity shower rain
174,Adrar,MR,2022-03-03 06:29:51,20.5022,-10.0711,61.03,38,0,11.77,clear sky
175,Caravelas,BR,2022-03-03 06:29:51,-17.7125,-39.2481,75.13,92,72,3.42,broken clouds
176,Tual,ID,2022-03-03 06:29:52,-5.6667,132.75,84.2,72,26,10.42,scattered clouds
177,Calmar,CA,2022-03-03 06:29:53,53.2668,-113.8187,18.36,82,100,14.97,overcast clouds
178,Beyneu,KZ,2022-03-03 06:29:53,45.3167,55.2,46.74,60,76,18.19,broken clouds
179,Kodiak,US,2022-03-03 06:29:54,57.79,-152.4072,36.91,93,100,5.75,overcast clouds
180,Didao,CN,2022-03-03 06:29:55,45.3667,130.8,28.47,55,37,10.47,scattered clouds
181,Yangambi,CD,2022-03-03 06:29:55,0.8102,24.4336,74.03,79,85,4.29,overcast clouds
182,Lagoa,PT,2022-03-03 06:29:56,39.05,-27.9833,56.14,58,83,2.13,broken clouds
183,Flinders,AU,2022-03-03 06:29:56,-34.5833,150.8552,75.11,93,97,8.01,light rain
184,Sabang,ID,2022-03-03 06:29:57,5.8933,95.3214,82.74,74,91,13.11,overcast clouds
185,Wakkanai,JP,2022-03-03 06:29:58,45.4094,141.6739,26.58,59,20,5.75,few clouds
186,Urumqi,CN,2022-03-03 06:29:58,43.801,87.6005,38.35,70,75,2.24,broken clouds
187,Geraldton,AU,2022-03-03 06:29:59,-28.7667,114.6,79.21,27,0,23.02,clear sky
188,Coihaique,CL,2022-03-03 06:30:00,-45.5752,-72.0662,64.35,52,0,10.36,clear sky
189,Tazovskiy,RU,2022-03-03 06:30:01,67.4667,78.7,-13.38,97,60,3.09,broken clouds
190,Port Alfred,ZA,2022-03-03 06:30:02,-33.5906,26.891,73.85,66,7,9.13,clear sky
191,Noumea,NC,2022-03-03 06:30:03,-22.2763,166.4572,87.78,99,95,7.94,overcast clouds
192,Kapaa,US,2022-03-03 06:30:04,22.0752,-159.319,76.98,77,100,10.36,overcast clouds
193,Ukiah,US,2022-03-03 06:30:01,39.1502,-123.2078,55.02,72,20,3.44,few clouds
194,Ushumun,RU,2022-03-03 06:30:05,52.7833,126.5333,23.92,66,100,5.06,overcast clouds
195,Byron Bay,AU,2022-03-03 06:26:11,-28.65,153.6167,82.51,76,43,11.05,scattered clouds
196,Komsomolskiy,UZ,2022-03-03 06:30:07,40.4272,71.7189,56.12,41,0,2.3,clear sky
197,Nikolskoye,RU,2022-03-03 06:30:08,59.7035,30.7861,31.71,98,100,5.12,overcast clouds
198,Guane,CU,2022-03-03 06:30:08,22.2025,-84.0875,63.73,80,0,5.32,clear sky
199,Tuatapere,NZ,2022-03-03 06:30:09,-46.1333,167.6833,63.82,89,100,4.97,overcast clouds
200,Mafinga,TZ,2022-03-03 06:30:10,-7.25,35.0667,72.84,81,100,3.0,light rain
201,Taoudenni,ML,2022-03-03 06:30:10,22.6783,-3.9836,58.05,28,0,11.7,clear sky
202,Kankon,IN,2022-03-03 06:30:11,15.0167,74.0167,89.85,29,17,8.21,few clouds
203,Kaitangata,NZ,2022-03-03 06:30:12,-46.2817,169.8464,60.93,74,96,2.39,overcast clouds
204,Santa Barbara,US,2022-03-03 06:26:19,34.7333,-120.0343,52.34,87,0,0.0,clear sky
205,Tilichiki,RU,2022-03-03 06:30:13,60.4667,166.1,7.77,86,26,10.49,scattered clouds
206,Grand Gaube,MU,2022-03-03 06:30:14,-20.0064,57.6608,82.38,85,13,7.0,few clouds
207,Impfondo,CG,2022-03-03 06:30:14,1.6381,18.0667,79.97,65,82,4.16,broken clouds
208,Port Pirie,AU,2022-03-03 06:30:15,-33.1833,138.0167,91.49,31,100,8.39,overcast clouds
209,Boa Vista,BR,2022-03-03 06:30:16,2.8197,-60.6733,78.78,78,40,9.22,scattered clouds
210,Coquimbo,CL,2022-03-03 06:30:16,-29.9533,-71.3436,62.73,85,6,2.98,clear sky
211,Valparaiso,CL,2022-03-03 06:30:18,-33.0393,-71.6273,64.47,74,75,3.44,broken clouds
212,Baykit,RU,2022-03-03 06:30:18,61.67,96.37,7.27,84,100,10.45,overcast clouds
213,Shenjiamen,CN,2022-03-03 06:30:19,29.9576,122.298,53.1,75,4,13.69,clear sky
214,Leshukonskoye,RU,2022-03-03 06:30:19,64.8989,45.7622,29.39,94,100,5.99,overcast clouds
215,Pisco,PE,2022-03-03 06:30:20,-13.7,-76.2167,71.65,83,0,3.44,clear sky
216,Koungou,YT,2022-03-03 06:30:21,-12.7336,45.2042,83.91,84,75,8.05,moderate rain
217,San Juan,AR,2022-03-03 06:28:58,-31.5375,-68.5364,76.98,39,0,5.55,clear sky
218,Rawson,AR,2022-03-03 06:30:21,-43.3002,-65.1023,70.86,49,100,6.82,overcast clouds
219,Najran,SA,2022-03-03 06:30:22,17.4924,44.1277,72.25,18,0,10.98,clear sky
220,Barra Patuca,HN,2022-03-03 06:30:23,15.8,-84.2833,75.78,72,69,10.09,broken clouds
221,Capitao Poco,BR,2022-03-03 06:30:23,-1.7464,-47.0594,71.38,98,85,3.42,overcast clouds
222,Ulladulla,AU,2022-03-03 06:30:24,-35.35,150.4667,73.76,91,59,14.07,light rain
223,Lyngseidet,NO,2022-03-03 06:30:25,69.5763,20.2189,32.0,93,100,10.98,light snow
224,Nosy Varika,MG,2022-03-03 06:30:25,-20.5833,48.5333,83.28,70,11,4.74,few clouds
225,Itoman,JP,2022-03-03 06:27:51,26.1247,127.6694,70.18,58,20,12.66,few clouds
226,Fairbanks,US,2022-03-03 06:30:26,64.8378,-147.7164,21.16,86,75,4.61,broken clouds
227,Asau,RO,2022-03-03 06:30:27,46.4333,26.4,32.95,85,89,3.67,overcast clouds
228,Castro,BR,2022-03-03 06:30:28,-24.7911,-50.0119,63.07,96,100,2.35,overcast clouds
229,Bulungu,CD,2022-03-03 06:30:28,-4.55,18.6,74.25,83,100,2.59,overcast clouds
230,Tirlyanskiy,RU,2022-03-03 06:30:29,54.2109,58.5806,34.2,77,71,2.82,broken clouds
231,Coahuayana,MX,2022-03-03 06:30:30,18.7333,-103.6833,67.91,80,0,3.27,clear sky
232,Ondo,NG,2022-03-03 06:30:31,7.1,4.8333,76.53,91,72,2.15,broken clouds
233,Lubango,AO,2022-03-03 06:30:32,-14.9172,13.4925,64.69,83,84,4.07,broken clouds
234,Young,UY,2022-03-03 06:30:32,-32.6833,-57.6333,68.23,79,0,3.94,clear sky
235,Padang,ID,2022-03-03 06:30:33,-0.9492,100.3543,86.05,72,99,8.08,overcast clouds
236,Namibe,AO,2022-03-03 06:30:35,-15.1961,12.1522,77.76,74,100,4.47,overcast clouds
237,Port-Gentil,GA,2022-03-03 06:30:35,-0.7193,8.7815,80.56,89,20,4.61,few clouds
238,New Castle,US,2022-03-03 06:28:44,41.0037,-80.347,42.04,91,100,11.5,snow
239,Panalingaan,PH,2022-03-03 06:30:36,8.7842,117.4231,85.73,67,69,6.85,broken clouds
240,Araouane,ML,2022-03-03 06:30:37,18.9048,-3.5265,64.22,31,100,15.14,overcast clouds
241,Coari,BR,2022-03-03 06:30:38,-4.085,-63.1414,72.46,98,100,1.79,overcast clouds
242,Georgetown,MY,2022-03-03 06:30:38,5.4112,100.3354,89.53,70,40,8.05,scattered clouds
243,Lahij,YE,2022-03-03 06:30:39,13.1667,44.5833,81.45,35,61,11.03,broken clouds
244,Oistins,BB,2022-03-03 06:30:40,13.0667,-59.5333,77.09,88,75,14.97,broken clouds
245,Kloulklubed,PW,2022-03-03 06:30:41,7.0419,134.2556,79.3,81,100,13.24,overcast clouds
246,Kinlochleven,GB,2022-03-03 06:30:41,56.7115,-4.9661,44.74,98,100,5.21,overcast clouds
247,Tuktoyaktuk,CA,2022-03-03 06:30:42,69.4541,-133.0374,-4.0,77,0,10.36,clear sky
248,Zeya,RU,2022-03-03 06:30:43,53.75,127.2667,19.47,60,100,2.95,overcast clouds
249,Saint-Pierre,RE,2022-03-03 06:30:44,-21.3393,55.4781,85.64,79,75,16.11,broken clouds
250,Verkhnyaya Inta,RU,2022-03-03 06:30:44,65.9811,60.3094,28.15,95,100,18.37,light snow
251,Broome,US,2022-03-03 06:30:45,42.2506,-75.833,33.55,78,100,6.91,snow
252,Grants Pass,US,2022-03-03 06:29:07,42.439,-123.3284,49.51,94,100,5.75,mist
253,Olafsvik,IS,2022-03-03 06:30:46,64.8945,-23.7142,39.16,70,43,22.39,scattered clouds
254,Nyimba,ZM,2022-03-03 06:30:46,-14.5566,30.8149,75.79,72,100,2.59,overcast clouds
255,Kirakira,SB,2022-03-03 06:30:47,-10.4544,161.9205,82.65,77,67,7.02,broken clouds
256,Ruteng,ID,2022-03-03 06:30:48,-8.6136,120.4721,76.3,58,43,4.7,scattered clouds
257,Brae,GB,2022-03-03 06:30:48,60.3964,-1.353,42.71,80,89,27.13,overcast clouds
258,Mount Gambier,AU,2022-03-03 06:30:49,-37.8333,140.7667,84.11,42,75,17.27,broken clouds
259,Andenes,NO,2022-03-03 06:30:50,69.3143,16.1194,33.78,75,75,23.02,light snow
260,Sorland,NO,2022-03-03 06:30:51,67.667,12.6934,37.26,60,100,12.33,overcast clouds
261,Dzaoudzi,YT,2022-03-03 06:30:51,-12.7887,45.2699,84.09,84,75,8.05,light rain
262,Miyako,JP,2022-03-03 06:30:52,39.6367,141.9525,39.18,55,4,19.13,clear sky
263,Ferrol,ES,2022-03-03 06:30:53,43.4832,-8.2369,49.71,90,100,16.93,overcast clouds
264,Kroya,ID,2022-03-03 06:30:54,-7.6331,109.2461,86.2,71,100,10.74,overcast clouds
265,Urcos,PE,2022-03-03 06:30:54,-13.6861,-71.6228,45.43,91,82,3.62,broken clouds
266,Butaritari,KI,2022-03-03 06:30:55,3.0707,172.7902,80.96,83,100,15.97,moderate rain
267,San Quintin,MX,2022-03-03 06:30:56,30.4833,-115.95,60.57,62,89,2.33,overcast clouds
268,Vostok,RU,2022-03-03 06:30:57,46.4856,135.8833,17.02,90,100,12.01,light snow
269,Alice Springs,AU,2022-03-03 06:30:10,-23.7,133.8833,101.75,14,12,5.75,few clouds
270,Salalah,OM,2022-03-03 06:30:58,17.0151,54.0924,84.29,42,0,2.3,clear sky
271,Struer,DK,2022-03-03 06:30:59,56.4912,8.5838,29.1,82,0,7.02,clear sky
272,Warrington,GB,2022-03-03 06:30:59,53.3925,-2.5802,45.45,89,100,8.05,light rain
273,Touros,BR,2022-03-03 06:31:00,-5.1989,-35.4608,76.1,81,100,7.72,overcast clouds
274,Bismarck,US,2022-03-03 06:31:00,46.8083,-100.7837,15.82,78,75,8.05,broken clouds
275,Inhambane,MZ,2022-03-03 06:31:01,-23.865,35.3833,80.58,69,20,5.75,few clouds
276,Hami,CN,2022-03-03 06:31:02,42.8,93.45,48.11,24,6,9.28,clear sky
277,Vila Velha,BR,2022-03-03 06:31:02,-20.3297,-40.2925,78.75,90,20,6.91,few clouds
278,Cabedelo,BR,2022-03-03 06:31:03,-6.9811,-34.8339,77.67,80,92,6.96,overcast clouds
279,Bambanglipuro,ID,2022-03-03 06:31:04,-7.95,110.2833,85.33,69,100,11.97,overcast clouds
280,Ilulissat,GL,2022-03-03 06:31:05,69.2167,-51.1,30.22,37,69,23.02,broken clouds
281,Beringovskiy,RU,2022-03-03 06:31:06,63.05,179.3167,15.94,95,100,10.87,light snow
282,Sitka,US,2022-03-03 06:31:06,57.0531,-135.33,35.49,80,0,5.75,clear sky
283,Casalmaggiore,IT,2022-03-03 06:31:07,44.9939,10.4189,39.16,56,42,0.31,scattered clouds
284,Dingle,PH,2022-03-03 06:31:07,10.9995,122.6711,84.52,69,47,14.92,moderate rain
285,La Paz,BO,2022-03-03 06:31:08,-16.5,-68.15,46.38,100,75,9.22,fog
286,Wick,GB,2022-03-03 06:31:09,58.4333,-3.0833,42.85,87,100,34.52,overcast clouds
287,Yulara,AU,2022-03-03 06:31:10,-25.2406,130.9889,102.61,18,93,8.75,overcast clouds
288,Kalemie,CD,2022-03-03 06:31:10,-5.9475,29.1947,71.24,87,97,6.02,overcast clouds
289,Bereda,ES,2022-03-03 06:31:11,43.2686,-7.5406,47.14,100,100,4.12,moderate rain
290,Farakka,IN,2022-03-03 06:31:12,24.8167,87.9,87.21,18,0,7.87,clear sky
291,Paamiut,GL,2022-03-03 06:31:12,61.994,-49.6678,16.23,91,100,6.78,light snow
292,Tanout,NE,2022-03-03 06:31:13,14.9709,8.8879,72.64,8,66,9.86,broken clouds
293,Srandakan,ID,2022-03-03 06:31:14,-7.9386,110.2506,85.46,69,100,11.72,overcast clouds
294,Beloha,MG,2022-03-03 06:27:05,-25.1667,45.05,80.64,71,51,9.93,broken clouds
295,Kungurtug,RU,2022-03-03 06:31:15,50.5994,97.5228,11.19,67,100,15.28,overcast clouds
296,Dubbo,AU,2022-03-03 06:30:43,-32.25,148.6167,86.13,39,100,14.97,overcast clouds
297,Tautira,PF,2022-03-03 06:31:16,-17.7333,-149.15,82.42,74,32,15.19,scattered clouds
298,Kolda,SN,2022-03-03 06:31:16,12.8833,-14.95,71.91,49,0,4.61,clear sky
299,Mandera,KE,2022-03-03 06:31:17,3.9366,41.867,89.4,35,5,15.75,clear sky
300,Yumen,CN,2022-03-03 06:31:18,40.2833,97.2,44.46,27,100,29.95,overcast clouds
301,Solnechnyy,RU,2022-03-03 06:31:18,50.7214,136.6319,15.82,89,100,1.61,light snow
302,Buala,SB,2022-03-03 06:31:19,-8.145,159.5921,81.05,82,100,5.7,light rain
303,Luderitz,NA,2022-03-03 06:31:20,-26.6481,15.1594,66.34,82,1,5.08,clear sky
304,Tottori,JP,2022-03-03 06:31:21,35.5,134.2333,50.07,53,75,14.97,broken clouds
305,Faya,SA,2022-03-03 06:31:21,18.3851,42.4509,66.31,30,0,4.43,clear sky
306,Mulege,MX,2022-03-03 06:31:22,26.8833,-111.9833,68.32,30,100,3.49,overcast clouds
307,Muros,ES,2022-03-03 06:31:22,42.7762,-9.0603,52.23,92,100,16.67,overcast clouds
308,Marshfield,US,2022-03-03 06:31:23,44.6689,-90.1718,19.35,53,0,0.0,clear sky
309,Ancud,CL,2022-03-03 06:31:24,-41.8697,-73.8203,61.23,96,40,5.99,scattered clouds
310,La Ronge,CA,2022-03-03 06:31:25,55.1001,-105.2842,-7.35,77,0,4.61,clear sky
311,Karwar,IN,2022-03-03 06:31:25,14.8,74.1333,90.34,29,65,5.37,broken clouds
312,Cabo San Lucas,MX,2022-03-03 06:28:07,22.8909,-109.9124,71.51,43,16,8.1,few clouds
313,Vicosa,BR,2022-03-03 06:31:26,-20.7539,-42.8819,64.18,96,76,4.38,broken clouds
314,Asosa,ET,2022-03-03 06:31:27,10.0667,34.5333,83.91,21,85,4.41,overcast clouds
315,Severo-Kurilsk,RU,2022-03-03 06:31:27,50.6789,156.125,23.94,62,97,27.83,overcast clouds
316,Sari,IR,2022-03-03 06:31:28,36.5633,53.0601,49.59,100,100,4.61,fog
317,Cayenne,GF,2022-03-03 06:31:29,4.9333,-52.3333,79.09,88,75,5.99,broken clouds
318,Birjand,IR,2022-03-03 06:31:30,32.8663,59.2211,63.07,25,75,6.91,broken clouds
319,Samur,RU,2022-03-03 06:31:30,41.8253,48.486,49.33,77,93,4.43,overcast clouds
320,Camargo,MX,2022-03-03 06:31:31,27.6667,-105.1667,62.78,21,100,0.54,overcast clouds
321,Bandarbeyla,SO,2022-03-03 06:31:32,9.4942,50.8122,80.47,57,8,18.68,clear sky
322,Camopi,GF,2022-03-03 06:31:32,3.1655,-52.3158,70.81,100,100,1.59,overcast clouds
323,Alofi,NU,2022-03-03 06:31:33,-19.0595,-169.9187,78.69,89,99,1.14,overcast clouds
324,Olinda,BR,2022-03-03 06:31:34,-8.0089,-34.8553,82.13,83,40,4.61,scattered clouds
325,Peniche,PT,2022-03-03 06:31:34,39.3558,-9.3811,60.62,95,100,28.83,overcast clouds
326,Port Hedland,AU,2022-03-03 06:31:35,-20.3167,118.5667,96.85,49,40,14.97,scattered clouds
327,Cascais,PT,2022-03-03 06:31:36,38.6979,-9.4215,60.51,76,92,13.0,overcast clouds
328,Quelimane,MZ,2022-03-03 06:31:36,-17.8786,36.8883,76.95,88,40,9.22,scattered clouds
329,Uchiza,PE,2022-03-03 06:31:37,-8.4592,-76.4633,67.14,86,100,1.7,overcast clouds
330,Khatanga,RU,2022-03-03 06:31:38,71.9667,102.5,-9.56,92,92,5.95,overcast clouds
331,Fenoarivo,MG,2022-03-03 06:31:38,-18.933,47.4354,71.67,83,75,0.0,broken clouds
332,Qasigiannguit,GL,2022-03-03 06:31:39,68.8193,-51.1922,30.45,86,100,6.62,overcast clouds
333,Wuda,CN,2022-03-03 06:31:40,39.4994,106.7117,46.78,20,0,28.3,clear sky
334,Cap Malheureux,MU,2022-03-03 06:31:40,-19.9842,57.6142,82.47,85,11,7.0,few clouds
335,Dunedin,NZ,2022-03-03 06:28:03,-45.8742,170.5036,61.81,69,89,7.0,overcast clouds
336,Naze,JP,2022-03-03 06:31:41,28.3667,129.4833,61.72,59,0,8.34,clear sky
337,Balkanabat,TM,2022-03-03 06:31:42,39.5108,54.3671,70.65,27,34,13.49,scattered clouds
338,Mount Darwin,ZW,2022-03-03 06:31:43,-16.7725,31.5838,75.0,72,28,3.4,scattered clouds
339,Lompoc,US,2022-03-03 06:31:43,34.6391,-120.4579,60.12,85,0,4.61,clear sky
340,Nuuk,GL,2022-03-03 06:31:44,64.1835,-51.7216,16.41,86,75,24.16,light snow
341,Poso,ID,2022-03-03 06:31:44,-1.3959,120.7524,85.42,69,88,4.88,overcast clouds
342,Lata,PT,2022-03-03 06:31:45,40.1629,-8.3327,55.92,97,100,7.45,overcast clouds
343,Changji,CN,2022-03-03 06:31:46,44.0167,87.3167,41.79,70,75,2.24,broken clouds
344,Khorixas,NA,2022-03-03 06:31:46,-20.3667,14.9667,69.66,32,26,3.89,scattered clouds
345,Matara,LK,2022-03-03 06:31:47,5.9485,80.5353,86.79,57,37,7.09,scattered clouds
346,Santa Cruz,BO,2022-03-03 06:30:04,-17.8,-63.1667,74.66,94,40,2.3,scattered clouds
347,Sal Rei,CV,2022-03-03 06:31:48,16.1833,-22.9167,68.56,80,0,22.62,clear sky
348,Huancavelica,PE,2022-03-03 06:31:49,-12.7667,-74.9833,37.17,94,100,2.53,light rain
349,Raudeberg,NO,2022-03-03 06:31:50,61.9875,5.1352,34.2,92,0,9.44,clear sky
350,Termoli,IT,2022-03-03 06:31:50,41.9888,14.9895,47.25,46,100,6.46,overcast clouds
351,Kalmunai,LK,2022-03-03 06:31:51,7.4167,81.8167,81.03,72,100,14.14,overcast clouds
352,Oranjemund,NA,2022-03-03 06:31:52,-28.55,16.4333,66.92,80,0,3.0,clear sky
353,Punta De Piedra,VE,2022-03-03 06:31:53,7.6176,-71.4916,76.32,69,54,3.31,broken clouds
354,Cabra,ES,2022-03-03 06:31:53,37.4725,-4.4421,49.89,85,97,2.95,overcast clouds
355,Port Keats,AU,2022-03-03 06:31:54,-14.25,129.55,87.42,67,91,9.01,overcast clouds
356,Vardo,NO,2022-03-03 06:31:55,70.3705,31.1107,30.4,81,100,34.45,overcast clouds
357,Ajdabiya,LY,2022-03-03 06:31:56,30.7554,20.2263,55.31,51,100,7.63,overcast clouds
358,Shostka,UA,2022-03-03 06:31:57,51.863,33.4698,32.67,92,99,3.74,overcast clouds
359,Zaysan,KZ,2022-03-03 06:31:58,47.4667,84.8667,20.57,95,93,2.84,overcast clouds
360,Yenotayevka,RU,2022-03-03 06:31:58,47.2456,47.0281,46.42,62,100,20.33,overcast clouds
361,Belyy Yar,RU,2022-03-03 06:31:59,53.6039,91.3903,24.69,62,0,17.9,clear sky
362,Hamilton,US,2022-03-03 06:30:39,39.1834,-84.5333,59.63,66,88,3.0,overcast clouds
363,Vyshneve,UA,2022-03-03 06:32:00,50.3891,30.3705,33.17,94,93,5.01,overcast clouds
364,Mwinilunga,ZM,2022-03-03 06:32:01,-11.7358,24.4293,68.72,84,100,1.28,overcast clouds
365,Leningradskiy,RU,2022-03-03 06:32:01,69.3833,178.4167,-4.02,99,99,4.99,overcast clouds
366,Iqaluit,CA,2022-03-03 06:32:02,63.7506,-68.5145,-5.31,70,100,18.41,overcast clouds
367,Taksimo,RU,2022-03-03 06:32:03,56.3444,114.8794,20.75,72,100,4.36,overcast clouds
368,Zvishavane,ZW,2022-03-03 06:32:03,-20.3267,30.0665,78.26,51,6,4.74,clear sky
369,Yeppoon,AU,2022-03-03 06:32:04,-23.1333,150.7333,100.18,60,80,17.67,broken clouds
370,Jalu,LY,2022-03-03 06:32:05,29.0331,21.5482,52.61,49,22,7.43,few clouds
371,Bathsheba,BB,2022-03-03 06:32:05,13.2167,-59.5167,77.61,88,75,14.97,broken clouds
372,Ylojarvi,FI,2022-03-03 06:32:06,61.5563,23.5961,29.8,88,0,2.3,clear sky
373,Hailar,CN,2022-03-03 06:32:07,49.2,119.7,22.35,80,100,8.72,overcast clouds
374,Jaru,BR,2022-03-03 06:32:08,-10.4389,-62.4664,72.03,97,100,2.15,overcast clouds
375,Papar,MY,2022-03-03 06:32:09,5.7333,115.9333,87.8,72,66,7.02,broken clouds
376,Eenhana,NA,2022-03-03 06:32:09,-17.4667,16.3333,68.85,84,100,2.64,overcast clouds
377,Kos,GR,2022-03-03 06:30:39,36.8933,27.2889,47.64,62,5,27.29,clear sky
378,Devarkonda,IN,2022-03-03 06:32:11,16.7,78.9333,89.67,22,97,10.92,overcast clouds
379,Victor Harbor,AU,2022-03-03 06:32:11,-35.5667,138.6167,95.47,53,100,3.0,overcast clouds
380,Klaksvik,FO,2022-03-03 06:32:12,62.2266,-6.589,43.72,95,100,35.72,overcast clouds
381,Ciudad Bolivar,VE,2022-03-03 06:32:13,8.1222,-63.5497,76.12,83,29,10.76,scattered clouds
382,Antsohihy,MG,2022-03-03 06:32:14,-14.8796,47.9875,75.11,95,100,4.38,light rain
383,Marabba,SD,2022-03-03 06:32:15,12.35,32.1833,89.91,23,27,10.38,scattered clouds
384,Charters Towers,AU,2022-03-03 06:32:15,-20.1,146.2667,103.59,11,75,11.88,broken clouds
385,Sur,OM,2022-03-03 06:32:16,22.5667,59.5289,80.4,49,0,5.59,clear sky
386,Jamame,SO,2022-03-03 06:32:17,0.0722,42.7506,90.12,47,5,15.03,clear sky
387,Mecca,SA,2022-03-03 06:32:18,21.4267,39.8261,85.66,41,0,6.4,clear sky
388,Ribeira Grande,PT,2022-03-03 06:32:19,38.5167,-28.7,57.61,56,3,3.65,clear sky
389,Barranca,PE,2022-03-03 06:32:19,-10.75,-77.7667,72.19,78,100,1.66,overcast clouds
390,Marrakesh,MA,2022-03-03 06:28:45,31.6315,-8.0083,48.27,71,0,4.61,clear sky
391,Kununurra,AU,2022-03-03 06:32:20,-15.7667,128.7333,93.18,52,40,10.36,scattered clouds
392,Pryazha,RU,2022-03-03 06:32:21,61.6926,33.6216,29.43,96,100,4.81,light snow
393,Karratha,AU,2022-03-03 06:31:10,-20.7377,116.8463,94.03,46,7,17.87,clear sky
394,Saint-Louis,SN,2022-03-03 06:32:22,16.3333,-15.0,76.64,27,0,11.56,clear sky
395,Soanierana Ivongo,MG,2022-03-03 06:32:23,-16.9167,49.5833,80.62,72,93,2.17,light rain
396,Rayagada,IN,2022-03-03 06:32:24,19.1667,83.4167,94.26,19,42,4.32,scattered clouds
397,Kota Belud,MY,2022-03-03 06:32:24,6.351,116.4305,87.66,64,68,6.11,broken clouds
398,Mfou,CM,2022-03-03 06:32:26,3.7159,11.6427,71.46,100,20,2.3,few clouds
399,Churachandpur,IN,2022-03-03 06:32:26,24.3333,93.6667,72.68,11,3,7.11,clear sky
400,Taltal,CL,2022-03-03 06:30:20,-25.4,-70.4833,65.53,84,2,1.19,clear sky
401,Roald,NO,2022-03-03 06:32:27,62.5833,6.1333,35.33,69,0,13.8,clear sky
402,Normandin,CA,2022-03-03 06:32:28,48.8333,-72.5321,5.31,66,50,4.61,scattered clouds
403,Aswan,EG,2022-03-03 06:32:28,24.0934,32.907,69.1,19,0,16.11,clear sky
404,Nesna,NO,2022-03-03 06:32:29,66.1967,13.0213,33.91,72,97,0.47,overcast clouds
405,Villazon,BO,2022-03-03 06:32:30,-22.0866,-65.5942,50.02,84,86,7.02,overcast clouds
406,Bani,DO,2022-03-03 06:32:31,18.2833,-70.3333,74.75,89,33,8.48,scattered clouds
407,Kenai,US,2022-03-03 06:32:32,60.5544,-151.2583,35.69,63,40,16.11,scattered clouds
408,Petropavlovka,RU,2022-03-03 06:32:33,50.6114,105.3196,23.32,51,100,8.84,overcast clouds
409,Hailey,US,2022-03-03 06:32:33,43.5196,-114.3153,35.8,80,0,9.22,clear sky
410,Zhangye,CN,2022-03-03 06:32:34,38.9342,100.4517,46.56,17,94,13.67,overcast clouds
411,Saldanha,ZA,2022-03-03 06:32:35,-33.0117,17.9442,66.25,82,0,4.97,clear sky
412,Semnan,IR,2022-03-03 06:32:35,35.5729,53.3971,57.0,41,91,3.98,overcast clouds
413,Vallenar,CL,2022-03-03 06:30:16,-28.5708,-70.7581,64.27,69,0,1.41,clear sky
414,Nanortalik,GL,2022-03-03 06:32:36,60.1432,-45.2371,18.79,86,100,12.59,light snow
415,Henties Bay,NA,2022-03-03 06:32:38,-22.116,14.2845,60.85,85,2,5.21,clear sky
416,Uvat,RU,2022-03-03 06:32:39,59.1433,68.8953,30.02,90,93,7.67,overcast clouds
417,Hofn,IS,2022-03-03 06:32:39,64.2539,-15.2082,37.29,86,100,7.49,light rain
418,Mlalo,TZ,2022-03-03 06:32:40,-4.9333,38.9333,87.64,48,93,9.73,overcast clouds
419,Birao,CF,2022-03-03 06:32:41,10.2849,22.7882,86.99,13,16,6.62,few clouds
420,Progreso,MX,2022-03-03 06:32:42,21.2833,-89.6667,68.11,74,0,7.45,clear sky
421,Waipawa,NZ,2022-03-03 06:32:42,-41.4122,175.5153,60.46,81,100,5.61,overcast clouds
422,General Roca,AR,2022-03-03 06:32:43,-39.0333,-67.5833,70.2,39,92,14.5,overcast clouds
423,Sobolevo,RU,2022-03-03 06:32:44,54.4299,31.8996,30.51,92,98,2.95,overcast clouds
424,Mount Isa,AU,2022-03-03 06:32:45,-20.7333,139.5,103.77,11,5,14.97,clear sky
425,Sioux Lookout,CA,2022-03-03 06:32:45,50.1001,-91.917,-3.62,59,40,6.91,scattered clouds
426,Vilhena,BR,2022-03-03 06:32:46,-12.7406,-60.1458,68.56,98,100,2.28,overcast clouds
427,Pemberton,CA,2022-03-03 06:32:46,50.3164,-122.8027,40.86,98,96,1.61,overcast clouds
428,Malanje,AO,2022-03-03 06:32:47,-9.5402,16.341,66.42,95,100,1.05,overcast clouds
429,San Miniato,IT,2022-03-03 06:32:48,43.6899,10.8174,46.98,80,100,2.24,light rain
430,Miandrivazo,MG,2022-03-03 06:32:49,-19.5167,45.4667,85.24,66,2,2.3,clear sky
431,Chepareria,KE,2022-03-03 06:32:49,1.3077,35.2039,76.05,28,0,2.84,clear sky
432,Isangel,VU,2022-03-03 06:32:50,-19.55,169.2667,86.11,79,75,4.61,broken clouds
433,Linhares,BR,2022-03-03 06:31:08,-19.3911,-40.0722,71.33,97,100,2.46,overcast clouds
434,Okha,RU,2022-03-03 06:32:51,53.5739,142.9478,3.25,91,28,10.2,scattered clouds
435,Likasi,CD,2022-03-03 06:32:52,-10.9814,26.7333,68.41,80,89,1.48,overcast clouds
436,North Bend,US,2022-03-03 06:32:53,43.4065,-124.2243,48.15,97,100,4.61,overcast clouds
437,Los Llanos De Aridane,ES,2022-03-03 06:32:53,28.6585,-17.9182,58.75,84,40,14.97,scattered clouds
438,Okhotsk,RU,2022-03-03 06:32:54,59.3833,143.3,15.73,89,100,10.69,overcast clouds
439,Khandbari,NP,2022-03-03 06:32:55,27.3747,87.2039,74.21,30,9,6.98,clear sky
440,Xinyu,CN,2022-03-03 06:32:55,27.8043,114.9334,71.94,60,46,4.59,scattered clouds
441,Chicama,PE,2022-03-03 06:32:56,-7.8447,-79.1469,74.21,71,100,2.91,overcast clouds
442,Puerto Montt,CL,2022-03-03 06:32:57,-41.4698,-72.9447,58.98,97,100,1.54,overcast clouds
443,Lapy,PL,2022-03-03 06:32:58,52.9911,22.8842,30.49,72,6,6.11,clear sky
444,Dauphin,CA,2022-03-03 06:29:11,51.1494,-100.0502,-5.66,59,0,11.5,clear sky
445,Pimenta Bueno,BR,2022-03-03 06:32:59,-11.6725,-61.1936,72.59,95,100,1.36,overcast clouds
446,Vestmannaeyjar,IS,2022-03-03 06:33:00,63.4427,-20.2734,41.68,59,93,20.96,overcast clouds
447,Thohoyandou,ZA,2022-03-03 06:33:01,-22.9456,30.485,79.11,53,0,2.28,clear sky
448,Maxixe,MZ,2022-03-03 06:33:02,-23.8597,35.3472,80.42,69,20,5.75,few clouds
449,Myitkyina,MM,2022-03-03 06:33:02,25.3833,97.4,92.12,16,57,1.86,broken clouds
450,Rio Grande,BR,2022-03-03 06:33:03,-32.035,-52.0986,66.31,79,0,7.07,clear sky
451,Batagay-Alyta,RU,2022-03-03 06:33:04,67.8006,130.4114,-11.49,91,92,1.59,overcast clouds
452,Avera,US,2022-03-03 06:33:05,33.194,-82.5271,62.47,59,0,5.77,clear sky
453,Lianzhou,CN,2022-03-03 06:33:06,24.7811,112.3825,78.39,64,74,5.79,broken clouds
454,Sorong,ID,2022-03-03 06:33:06,-0.8833,131.25,84.4,70,98,5.88,heavy intensity rain
455,Luziania,BR,2022-03-03 06:33:07,-16.2525,-47.9503,67.69,86,74,1.66,broken clouds
456,Jacareacanga,BR,2022-03-03 06:33:07,-6.2222,-57.7528,71.19,99,100,1.34,overcast clouds
457,Xochistlahuaca,MX,2022-03-03 06:33:08,16.7833,-98.25,68.83,78,1,4.61,clear sky
458,Gonzalez,US,2022-03-03 06:31:00,30.5816,-87.2914,59.49,74,0,6.91,clear sky
459,Cay,TR,2022-03-03 06:33:09,38.5917,31.0286,26.15,87,100,11.05,light snow
460,Giresun,TR,2022-03-03 06:33:10,40.5,38.5,13.32,100,100,9.62,snow
461,Bukama,CD,2022-03-03 06:33:11,-9.2,25.85,71.98,91,96,1.72,overcast clouds
462,Voloiac,RO,2022-03-03 06:33:12,44.6167,23.1,37.58,65,18,7.31,few clouds
463,Trabzon,TR,2022-03-03 06:33:13,40.9167,39.8333,42.89,81,75,8.05,broken clouds
464,Qui Nhon,VN,2022-03-03 06:33:13,13.7667,109.2333,78.19,74,70,11.61,broken clouds
465,Arlit,NE,2022-03-03 06:33:14,18.7369,7.3853,77.14,8,12,4.88,few clouds
466,Camacha,PT,2022-03-03 06:33:15,33.0833,-16.3333,60.53,82,40,11.5,scattered clouds
467,Acapulco,MX,2022-03-03 06:32:58,16.8634,-99.8901,76.82,73,0,0.0,clear sky
468,Ravar,IR,2022-03-03 06:33:15,31.2656,56.8055,69.66,15,0,4.32,clear sky
469,Viedma,AR,2022-03-03 06:33:16,-40.8135,-62.9967,61.95,58,10,13.87,clear sky
470,Zheshart,RU,2022-03-03 06:33:16,62.0731,49.5733,29.34,95,100,2.48,overcast clouds
471,Wanning,CN,2022-03-03 06:33:17,18.8003,110.3967,78.53,65,67,6.02,broken clouds
472,Sidi Ali,DZ,2022-03-03 06:33:17,36.0998,0.4206,48.31,57,0,6.89,clear sky
473,Shangzhi,CN,2022-03-03 06:33:18,45.2167,127.9667,28.18,77,42,9.26,scattered clouds
474,Iquique,CL,2022-03-03 06:31:15,-20.2208,-70.1431,70.2,78,100,2.53,overcast clouds
475,Valdivia,CL,2022-03-03 06:33:19,-39.8142,-73.2459,57.58,99,67,1.1,broken clouds
476,Omsukchan,RU,2022-03-03 06:33:20,62.5333,155.8,-5.91,97,100,5.75,overcast clouds
477,Montepuez,MZ,2022-03-03 06:33:20,-13.1256,38.9997,76.19,84,100,2.53,light rain
478,Maralal,KE,2022-03-03 06:31:50,1.0968,36.698,70.47,32,7,11.5,clear sky
479,Dakoro,NE,2022-03-03 06:33:22,14.5106,6.765,73.51,8,39,9.28,scattered clouds
480,Ayan,RU,2022-03-03 06:32:11,56.45,138.1667,9.63,65,1,7.7,clear sky
481,Tocopilla,CL,2022-03-03 06:33:22,-22.092,-70.1979,69.98,71,96,3.13,overcast clouds
482,Colac,AU,2022-03-03 06:33:23,-38.3333,143.5833,81.01,46,81,9.24,broken clouds
483,Kolokani,ML,2022-03-03 06:33:24,13.5728,-8.0339,73.02,24,100,10.02,overcast clouds
484,Turukhansk,RU,2022-03-03 06:33:24,65.8167,87.9833,-2.87,89,100,7.27,overcast clouds
485,Aleksandrovsk-Sakhalinskiy,RU,2022-03-03 06:33:13,50.8975,142.1561,10.63,89,80,5.66,broken clouds
486,Culpeper,US,2022-03-03 06:33:25,38.5004,-77.9664,56.44,69,100,1.99,overcast clouds
487,Jieshi,CN,2022-03-03 06:33:26,22.8134,115.8257,79.95,71,8,15.05,clear sky
488,Kurchum,KZ,2022-03-03 06:33:26,48.5722,83.6542,17.53,84,38,0.89,scattered clouds
489,Guanica,PR,2022-03-03 06:33:27,17.9716,-66.908,74.21,88,6,1.99,clear sky
490,Toamasina,MG,2022-03-03 06:33:27,-18.1667,49.3833,87.8,70,40,3.44,scattered clouds
491,Dourbali,TD,2022-03-03 06:33:29,11.8091,15.8632,81.14,6,86,12.19,overcast clouds
492,Verkhnevilyuysk,RU,2022-03-03 06:33:29,63.4453,120.3167,8.94,89,100,7.4,overcast clouds
493,Poltavka,RU,2022-03-03 06:33:30,54.3663,71.7632,21.61,87,100,14.18,overcast clouds
494,Half Moon Bay,US,2022-03-03 06:30:13,37.4636,-122.4286,56.91,71,0,8.05,clear sky
495,Oktyabrskiy,RU,2022-03-03 06:33:31,54.4815,53.471,24.01,88,100,6.58,overcast clouds
496,Ambovombe,MG,2022-03-03 06:33:32,-25.1667,46.0833,81.16,73,24,5.61,few clouds
497,Coihueco,CL,2022-03-03 06:33:33,-36.6167,-71.8333,60.75,72,75,1.32,broken clouds
498,Togur,RU,2022-03-03 06:33:34,58.3631,82.8265,20.52,93,100,14.03,light snow
499,Pratapgarh,IN,2022-03-03 06:33:34,24.0333,74.7833,84.07,15,0,3.83,clear sky
500,Porto Belo,BR,2022-03-03 06:33:35,-27.1578,-48.5531,75.25,92,100,5.64,light rain
501,Lipin Bor,RU,2022-03-03 06:33:36,60.2622,37.9763,25.48,93,100,2.44,overcast clouds
502,Ban Nahin,LA,2022-03-03 06:33:36,18.2418,104.2122,91.98,27,0,4.94,clear sky
503,Vizinga,RU,2022-03-03 06:33:37,61.0749,50.1031,30.7,94,100,5.44,overcast clouds
504,Kokkola,FI,2022-03-03 06:33:38,63.8385,23.1307,30.51,69,0,11.5,clear sky
505,Ixtapa,MX,2022-03-03 06:33:39,20.7,-105.2,70.23,87,0,3.0,clear sky
506,Manaus,BR,2022-03-03 06:32:41,-3.1019,-60.025,77.49,100,40,2.3,scattered clouds
507,Benjamin Constant,BR,2022-03-03 06:33:39,-4.3831,-70.0311,75.33,98,100,0.85,overcast clouds
508,Puerto Madryn,AR,2022-03-03 06:33:41,-42.7692,-65.0385,71.31,49,100,12.03,overcast clouds
509,Brejo,BR,2022-03-03 06:33:41,-3.6844,-42.7503,72.19,98,100,1.95,overcast clouds
510,Pevek,RU,2022-03-03 06:33:42,69.7008,170.3133,-18.06,100,78,2.06,broken clouds
511,Koumac,NC,2022-03-03 06:33:42,-20.5667,164.2833,81.34,77,100,4.54,overcast clouds
512,Sandakan,MY,2022-03-03 06:30:13,5.8402,118.1179,85.68,74,20,8.05,few clouds
513,Lasa,IT,2022-03-03 06:33:43,46.6166,10.7002,36.86,88,22,4.29,few clouds
514,Naples,IT,2022-03-03 06:31:05,40.8333,14.25,46.45,80,95,3.44,overcast clouds
515,Buchanan,LR,2022-03-03 06:33:44,5.8808,-10.0467,71.56,85,100,5.01,overcast clouds
516,Yarmouth,US,2022-03-03 06:33:44,41.7057,-70.2286,39.97,76,100,5.75,overcast clouds
517,Borger,NL,2022-03-03 06:33:45,52.9233,6.7931,32.81,86,0,9.22,clear sky
518,Khasan,RU,2022-03-03 06:33:45,42.4308,130.6434,37.71,31,0,9.48,clear sky
519,El Carmen,CO,2022-03-03 06:33:46,8.5106,-73.4478,67.35,98,85,3.87,overcast clouds
520,Ucluelet,CA,2022-03-03 06:30:14,48.9329,-125.5528,44.1,94,52,7.38,broken clouds
521,Urambo,TZ,2022-03-03 06:33:46,-5.0667,32.05,73.24,78,98,2.21,light rain
522,Maragogi,BR,2022-03-03 06:33:47,-9.0122,-35.2225,77.41,86,77,4.23,broken clouds
523,Kanigoro,ID,2022-03-03 06:33:48,-8.13,112.219,81.46,84,100,7.34,light rain
524,San Policarpo,PH,2022-03-03 06:33:49,12.1791,125.5072,81.9,74,18,11.41,few clouds
525,Opunake,NZ,2022-03-03 06:33:50,-39.4556,173.8583,62.62,74,100,5.93,overcast clouds
526,Lac Du Bonnet,CA,2022-03-03 06:33:51,50.2536,-96.0612,-17.79,100,53,4.34,broken clouds
527,Wattegama,LK,2022-03-03 06:33:52,6.7989,81.4808,88.14,45,100,12.48,overcast clouds
528,Tamandare,BR,2022-03-03 06:33:52,-8.7597,-35.1047,77.63,85,59,3.8,broken clouds
529,Comarapa,BO,2022-03-03 06:33:53,-17.9,-64.4833,58.42,95,100,0.38,overcast clouds
530,Terney,RU,2022-03-03 06:33:54,45.0503,136.6092,27.84,57,76,12.19,broken clouds
531,Kavaratti,IN,2022-03-03 06:33:55,10.5669,72.642,82.6,65,7,7.99,clear sky
532,Serro,BR,2022-03-03 06:33:55,-18.6047,-43.3794,60.96,96,31,0.56,scattered clouds
533,Rorvik,NO,2022-03-03 06:33:56,64.8621,11.2373,31.98,100,20,0.0,few clouds
534,Quatre Cocos,MU,2022-03-03 06:33:56,-20.2078,57.7625,82.09,81,47,14.07,moderate rain
535,Dongsheng,CN,2022-03-03 06:33:57,39.8161,109.9776,41.95,24,0,29.44,clear sky
536,Zhanaozen,KZ,2022-03-03 06:33:58,43.3,52.8,55.6,46,7,24.05,clear sky
537,Kaseda,JP,2022-03-03 06:33:59,31.4167,130.3167,56.43,50,21,16.37,few clouds
538,Ternovka,RU,2022-03-03 06:33:59,51.678,41.6375,29.8,96,100,8.05,overcast clouds
539,Codrington,AU,2022-03-03 06:34:00,-38.2667,141.9667,76.17,58,94,12.73,overcast clouds
540,Kyren,RU,2022-03-03 06:34:01,51.6828,102.1408,19.49,55,99,12.97,overcast clouds
541,Alexandria,EG,2022-03-03 06:34:02,31.2156,29.9553,58.96,63,40,16.11,scattered clouds
542,Corpus Christi,US,2022-03-03 06:34:01,27.8006,-97.3964,62.02,90,75,6.91,broken clouds
543,San Cristobal,VE,2022-03-03 06:34:03,7.7669,-72.225,64.69,95,57,2.24,broken clouds
544,Visby,SE,2022-03-03 06:34:04,57.6409,18.296,34.02,93,0,11.5,clear sky
545,Dzhebariki-Khaya,RU,2022-03-03 06:34:05,62.2167,135.8,-3.46,91,100,1.28,overcast clouds
546,Tinskoy,RU,2022-03-03 06:34:05,56.1525,96.9161,15.3,82,100,13.73,light snow
547,Ranau,MY,2022-03-03 06:33:10,5.9538,116.6641,81.25,67,32,4.43,scattered clouds
548,Chaozhou,CN,2022-03-03 06:34:06,23.6651,116.6379,76.86,60,30,7.02,scattered clouds
549,Broken Hill,AU,2022-03-03 06:34:06,-31.95,141.4333,87.51,33,2,12.66,clear sky
550,Nola,IT,2022-03-03 06:34:07,40.922,14.5329,46.92,63,97,1.32,overcast clouds
551,Jingdezhen,CN,2022-03-03 06:34:08,29.2947,117.2079,70.7,58,2,2.57,clear sky
552,Bambous Virieux,MU,2022-03-03 06:34:09,-20.3428,57.7575,82.22,100,75,13.8,moderate rain
553,Neuquen,AR,2022-03-03 06:29:17,-38.9516,-68.0591,69.69,56,0,5.75,clear sky
554,Sao Jose Da Coroa Grande,BR,2022-03-03 06:34:10,-8.8978,-35.1478,77.81,85,71,4.41,broken clouds
555,Nome,US,2022-03-03 06:34:11,64.5011,-165.4064,21.27,79,100,9.22,light snow
556,Azuaga,ES,2022-03-03 06:34:12,38.2667,-5.6833,45.97,74,100,3.53,overcast clouds
557,Bonavista,CA,2022-03-03 06:34:12,48.6499,-53.1147,34.12,96,100,21.43,light snow
558,Cassilandia,BR,2022-03-03 06:34:13,-19.1133,-51.7342,68.68,90,99,0.65,overcast clouds
559,Vila Franca Do Campo,PT,2022-03-03 06:34:14,37.7167,-25.4333,55.2,74,94,3.74,overcast clouds
560,Narasannapeta,IN,2022-03-03 06:34:15,18.4167,84.05,87.84,39,38,8.19,scattered clouds
561,Pedro Juan Caballero,PY,2022-03-03 06:34:15,-22.5472,-55.7333,67.69,94,100,1.61,moderate rain
562,Heilbron,ZA,2022-03-03 06:34:16,-27.2812,27.9709,74.21,45,0,5.41,clear sky
563,Inirida,CO,2022-03-03 06:34:16,3.8653,-67.9239,72.46,99,100,2.37,overcast clouds
564,Inuvik,CA,2022-03-03 06:34:17,68.3499,-133.7218,2.41,71,20,5.75,few clouds
565,Oshkosh,US,2022-03-03 06:32:06,44.0247,-88.5426,24.89,64,0,11.5,clear sky
566,Kutum,SD,2022-03-03 06:34:18,14.2,24.6667,78.73,10,68,6.64,broken clouds
567,Crossville,US,2022-03-03 06:33:22,35.949,-85.0269,56.05,49,0,5.01,clear sky
568,Rajgarh,IN,2022-03-03 06:34:19,28.6333,75.3833,80.22,23,0,9.8,clear sky
569,Manggar,ID,2022-03-03 06:34:19,-2.8833,108.2667,85.32,69,100,8.86,overcast clouds
570,Balsta,SE,2022-03-03 06:34:20,59.5671,17.5278,34.23,83,9,9.19,clear sky
571,Cairns,AU,2022-03-03 06:30:19,-16.9167,145.7667,95.07,82,40,8.05,light rain
572,Rosetta,EG,2022-03-03 06:34:21,31.4044,30.4164,58.82,58,19,23.94,few clouds
573,Puerto Del Rosario,ES,2022-03-03 06:34:22,28.5004,-13.8627,62.28,77,20,10.36,few clouds
574,Kotido,UG,2022-03-03 06:34:23,2.9806,34.1331,82.22,24,3,21.3,clear sky
575,Heiligenhafen,DE,2022-03-03 06:34:24,54.3667,10.9833,34.83,96,0,8.5,clear sky
576,Aksu,CN,2022-03-03 06:34:24,41.1231,80.2644,52.39,23,0,1.61,clear sky
577,San Luis De Gaceno,CO,2022-03-03 06:34:25,4.8205,-73.1685,72.27,91,99,3.71,overcast clouds
578,Moram,IN,2022-03-03 06:34:26,17.8,76.4667,89.4,17,6,10.29,clear sky
579,Ibra,OM,2022-03-03 06:34:26,22.6906,58.5334,81.05,29,0,6.4,clear sky
580,Nhulunbuy,AU,2022-03-03 06:34:27,-12.2333,136.7667,92.01,58,40,4.61,scattered clouds
581,Kushmurun,KZ,2022-03-03 06:34:27,52.4503,64.6311,18.16,91,100,11.3,overcast clouds
582,Astoria,US,2022-03-03 06:34:28,46.1879,-123.8313,47.62,96,100,10.36,mist
583,Kaeo,NZ,2022-03-03 06:34:29,-35.1,173.7833,67.32,83,89,17.45,overcast clouds
584,Jumla,NP,2022-03-03 06:34:30,29.2747,82.1838,53.11,34,87,6.13,overcast clouds
585,Iquitos,PE,2022-03-03 06:34:30,-3.7481,-73.2472,73.44,100,75,1.14,broken clouds
586,Parrita,CR,2022-03-03 06:34:31,9.5201,-84.3225,78.57,69,33,4.65,scattered clouds
587,Trairi,BR,2022-03-03 06:34:31,-3.2778,-39.2689,76.33,89,100,6.13,overcast clouds
588,Talnakh,RU,2022-03-03 06:34:32,69.4865,88.3972,-9.51,94,100,7.07,overcast clouds
589,Velykyy Burluk,UA,2022-03-03 06:34:33,50.0379,37.3987,33.24,99,100,6.44,overcast clouds
590,Tezu,IN,2022-03-03 06:34:34,27.9167,96.1667,86.4,18,0,4.59,clear sky
591,Adolfo Lopez Mateos,MX,2022-03-03 06:30:28,28.4667,-107.3,45.93,23,68,1.77,broken clouds
592,Amurzet,RU,2022-03-03 06:34:35,47.6967,131.0981,28.38,69,60,9.64,broken clouds
593,Vao,NC,2022-03-03 06:34:35,-22.6667,167.4833,79.81,81,94,14.23,overcast clouds
594,Conceicao Do Mato Dentro,BR,2022-03-03 06:34:36,-19.0372,-43.425,62.51,96,29,0.81,scattered clouds
595,Mabaruma,GY,2022-03-03 06:34:36,8.2,-59.7833,72.48,97,61,2.77,broken clouds
596,Agirish,RU,2022-03-03 06:34:37,61.9247,63.0231,30.6,84,100,12.57,overcast clouds
597,Pemangkat,ID,2022-03-03 06:34:38,1.1667,108.9667,84.61,72,9,9.86,clear sky
598,Kieta,PG,2022-03-03 06:34:39,-6.2167,155.6333,81.66,81,100,6.13,overcast clouds
599,Iranshahr,IR,2022-03-03 06:34:40,27.2025,60.6848,77.34,27,0,0.0,clear sky
600,Dubna,RU,2022-03-03 06:34:41,56.7333,37.1667,26.92,90,100,3.06,overcast clouds
601,Bosaso,SO,2022-03-03 06:34:42,11.2842,49.1816,76.98,83,0,12.66,clear sky
602,Pacific Grove,US,2022-03-03 06:34:42,36.6177,-121.9166,55.51,67,0,3.44,clear sky
603,Marzuq,YE,2022-03-03 06:34:43,14.4,46.4667,77.29,22,12,4.5,few clouds
604,Alyangula,AU,2022-03-03 06:34:44,-13.8483,136.4192,96.67,44,100,6.91,overcast clouds
605,Rudnichnyy,RU,2022-03-03 06:34:45,59.617,52.4703,27.12,91,100,5.97,overcast clouds
606,Fort Smith,US,2022-03-03 06:34:46,35.3859,-94.3986,56.43,60,0,3.0,clear sky
607,Altyn-Topkan,TJ,2022-03-03 06:34:46,40.6528,69.5998,45.07,34,6,3.33,clear sky
608,Santarem,BR,2022-03-03 06:34:47,-2.4431,-54.7083,75.33,100,0,0.0,clear sky
609,Yuncheng,CN,2022-03-03 06:34:48,35.0231,110.9928,61.12,22,100,4.63,overcast clouds
610,Utinga,BR,2022-03-03 06:34:49,-5.8172,-35.3954,79.2,94,20,3.44,few clouds
611,Bintulu,MY,2022-03-03 06:34:49,3.1667,113.0333,90.01,66,20,5.99,few clouds
612,Petauke,ZM,2022-03-03 06:34:50,-14.2426,31.3253,72.54,73,86,4.38,overcast clouds
613,Gemena,CD,2022-03-03 06:34:51,3.25,19.7667,80.2,63,100,3.87,overcast clouds
614,Galesong,ID,2022-03-03 06:34:51,-5.3166,119.3661,87.82,70,7,11.59,clear sky
615,Necochea,AR,2022-03-03 06:30:05,-38.5473,-58.7368,53.55,76,0,4.72,clear sky
616,Madingou,CG,2022-03-03 06:34:52,-4.1536,13.55,76.33,92,99,0.31,overcast clouds
617,Sinaloa,MX,2022-03-03 06:34:53,25.0,-107.5,53.62,34,5,2.35,clear sky
618,Batagay,RU,2022-03-03 06:34:53,67.6333,134.6333,-14.89,96,95,1.03,overcast clouds
619,Tateyama,JP,2022-03-03 06:34:54,34.9833,139.8667,59.27,58,1,4.05,clear sky
620,Erzincan,TR,2022-03-03 06:34:55,39.75,39.5,47.5,76,75,19.57,broken clouds
621,Rivadavia,AR,2022-03-03 06:30:41,-33.1905,-68.4608,75.67,44,1,7.11,clear sky
622,Guerrero Negro,MX,2022-03-03 06:32:59,27.9769,-114.0611,62.64,64,100,6.26,overcast clouds
623,Simao,CN,2022-03-03 06:34:56,22.7886,100.9748,82.36,13,38,11.12,scattered clouds
624,Bara,NG,2022-03-03 06:34:58,10.3744,10.7288,79.93,7,95,1.72,overcast clouds
625,Cubuk,TR,2022-03-03 06:34:58,40.2386,33.0322,29.8,93,100,2.3,light snow
626,Kuching,MY,2022-03-03 06:34:59,1.55,110.3333,88.02,70,40,8.05,scattered clouds
627,Lima,PE,2022-03-03 06:31:56,-12.0432,-77.0282,68.4,46,0,3.44,clear sky
628,Baghdad,IQ,2022-03-03 06:34:17,33.3406,44.4009,69.71,30,100,27.63,dust
629,Yhu,PY,2022-03-03 06:35:00,-25.05,-55.9167,68.81,97,100,2.1,overcast clouds
630,Tomigusuku,JP,2022-03-03 06:35:01,26.185,127.675,69.93,59,20,12.66,few clouds
631,Huarmey,PE,2022-03-03 06:35:02,-10.0681,-78.1522,72.7,80,99,4.41,overcast clouds
632,Huilong,CN,2022-03-03 06:35:02,31.8111,121.655,65.98,61,9,10.67,clear sky
633,Lokosovo,RU,2022-03-03 06:35:03,61.1333,74.8167,25.52,91,100,11.16,overcast clouds
634,Sijunjung,ID,2022-03-03 06:35:04,-0.6876,100.9537,85.51,62,100,4.03,overcast clouds
635,Tevaitoa,PF,2022-03-03 06:35:05,-16.7833,-151.5,81.95,73,11,16.73,few clouds
636,Ahipara,NZ,2022-03-03 06:35:06,-35.1667,173.1667,66.97,76,76,13.73,broken clouds
637,Yerbogachen,RU,2022-03-03 06:35:06,61.2767,108.0108,19.04,93,100,11.39,light snow
638,Svodna,BA,2022-03-03 06:35:07,45.0372,16.5383,21.02,51,0,1.07,clear sky
639,Abonnema,NG,2022-03-03 06:35:07,4.7084,6.7931,82.08,78,83,6.08,broken clouds
640,Morondava,MG,2022-03-03 06:35:08,-20.2833,44.2833,82.24,80,47,10.92,moderate rain
641,Kurtamysh,RU,2022-03-03 06:35:09,54.9103,64.4319,23.97,88,100,10.92,overcast clouds
642,Ducheng,CN,2022-03-03 06:35:09,23.2373,111.5317,79.27,57,100,8.37,overcast clouds
643,Carutapera,BR,2022-03-03 06:35:10,-1.195,-46.02,75.96,92,45,4.5,scattered clouds
644,Santa Rosa,PH,2022-03-03 06:35:11,14.3122,121.1114,90.1,66,67,17.0,broken clouds
645,Bumbesti-Jiu,RO,2022-03-03 06:35:12,45.1667,23.4,35.31,66,28,5.21,scattered clouds
646,Naifaru,MV,2022-03-03 06:35:13,5.4444,73.3657,82.83,69,75,16.15,broken clouds
647,Brighton,GB,2022-03-03 06:35:13,50.8284,-0.1395,47.21,91,100,5.01,overcast clouds
648,Coolum Beach,AU,2022-03-03 06:35:15,-26.5333,153.1,78.12,87,100,6.4,overcast clouds
649,Karpathos,GR,2022-03-03 06:35:16,35.507,27.2132,49.96,57,75,27.63,broken clouds
650,Wlodawa,PL,2022-03-03 06:35:16,51.55,23.55,32.31,70,100,5.46,overcast clouds
651,Hirado,JP,2022-03-03 06:35:17,33.3597,129.5531,54.75,49,6,12.84,clear sky
652,Kikwit,CD,2022-03-03 06:35:18,-5.041,18.8162,75.06,81,100,1.36,overcast clouds
653,Tokur,RU,2022-03-03 06:35:18,53.1333,132.9,8.62,81,100,7.96,overcast clouds
654,Ulaangom,MN,2022-03-03 06:35:19,49.9811,92.0667,12.9,81,7,4.09,clear sky
655,Muscat,OM,2022-03-03 06:32:23,23.6139,58.5922,78.82,59,0,9.15,clear sky
656,Lumajang,ID,2022-03-03 06:35:20,-8.1335,113.2248,81.63,85,94,3.29,overcast clouds
657,Mayo,US,2022-03-03 06:33:33,38.8876,-76.5119,49.08,76,40,10.36,scattered clouds
658,Melfort,CA,2022-03-03 06:35:21,52.8667,-104.6177,-12.24,69,35,6.91,scattered clouds
659,Saurimo,AO,2022-03-03 06:35:21,-9.6608,20.3916,65.7,95,100,0.58,overcast clouds
660,Listvyagi,RU,2022-03-03 06:35:22,53.6772,86.951,19.33,62,100,14.5,overcast clouds
661,Jalalabad,AF,2022-03-03 06:35:23,34.4265,70.4515,68.38,25,0,1.39,clear sky
662,Lorengau,PG,2022-03-03 06:35:24,-2.0226,147.2712,84.02,73,48,1.88,scattered clouds
663,Chernyshevskiy,RU,2022-03-03 06:35:25,63.0128,112.4714,13.93,89,100,5.06,overcast clouds
664,Rocha,UY,2022-03-03 06:35:25,-34.4833,-54.3333,57.88,76,0,2.3,clear sky
665,Sharanga,RU,2022-03-03 06:35:26,57.1775,46.5396,27.19,91,95,7.74,overcast clouds
666,Prudy,RU,2022-03-03 06:35:27,57.5738,46.2718,28.22,91,100,7.31,overcast clouds
667,Chara,RU,2022-03-03 06:35:27,56.9064,118.2631,13.46,74,100,2.46,overcast clouds
668,Chichawatni,PK,2022-03-03 06:35:28,30.5333,72.7,74.46,39,28,2.15,scattered clouds
669,Grindavik,IS,2022-03-03 06:35:29,63.8424,-22.4338,36.07,87,40,16.11,scattered clouds
670,Mnogovershinnyy,RU,2022-03-03 06:35:30,53.9353,139.9242,4.89,76,11,5.21,few clouds
671,Campoverde,PE,2022-03-03 06:35:30,-8.4753,-74.8058,72.41,91,100,1.7,overcast clouds
672,Mao,ES,2022-03-03 06:35:31,39.8885,4.2658,52.36,93,75,2.3,broken clouds
673,Jambi,ID,2022-03-03 06:35:32,-1.6,103.6167,87.01,62,100,5.59,overcast clouds
674,Mandalgovi,MN,2022-03-03 06:35:33,45.7625,106.2708,28.54,37,26,27.63,scattered clouds
675,Bukavu,CD,2022-03-03 06:35:33,-2.5083,28.8608,70.09,78,24,1.68,few clouds
676,Auki,SB,2022-03-03 06:35:34,-8.7676,160.7034,81.28,83,94,5.12,overcast clouds
677,Suntar,RU,2022-03-03 06:35:35,62.1444,117.6319,16.72,86,100,1.23,overcast clouds
678,Margate,GB,2022-03-03 06:30:37,51.3813,1.3862,44.94,86,100,1.99,overcast clouds
679,Santa Fe,AR,2022-03-03 06:35:36,-31.6333,-60.7,73.02,77,0,1.99,light rain
680,Moose Factory,CA,2022-03-03 06:35:36,51.2585,-80.6094,-16.6,76,0,6.91,clear sky
681,Zhuzhou,CN,2022-03-03 06:35:37,27.8333,113.15,64.53,65,89,2.77,overcast clouds
682,Arman,RU,2022-03-03 06:32:13,59.7,150.1667,13.51,76,100,14.23,overcast clouds
683,Kommunisticheskiy,RU,2022-03-03 06:35:38,61.6789,64.4819,31.33,83,100,10.49,overcast clouds
684,Skjervoy,NO,2022-03-03 06:35:38,70.0311,20.9714,32.0,66,100,27.31,light snow
685,Ippy,CF,2022-03-03 06:35:39,6.2679,21.2247,85.06,45,94,8.08,overcast clouds
686,Severodvinsk,RU,2022-03-03 06:35:40,64.5635,39.8302,26.71,92,98,6.62,overcast clouds
687,Sanmenxia,CN,2022-03-03 06:35:41,34.7747,111.1814,63.66,17,97,6.13,overcast clouds
688,Elizabeth City,US,2022-03-03 06:35:41,36.2946,-76.2511,54.01,75,0,10.36,clear sky
689,Morehead,US,2022-03-03 06:35:42,37.2711,-87.1764,60.51,40,0,5.01,clear sky
690,Ust-Maya,RU,2022-03-03 06:35:43,60.4167,134.5333,1.42,86,100,2.15,overcast clouds
691,Velsk,RU,2022-03-03 06:35:43,61.0701,42.0983,29.55,90,100,2.89,overcast clouds
692,Doha,QA,2022-03-03 06:32:23,25.2867,51.5333,73.71,44,0,5.75,clear sky
693,Seoul,KR,2022-03-03 06:31:30,37.5683,126.9778,56.71,23,0,10.36,clear sky
694,Dalbandin,PK,2022-03-03 06:35:44,28.8947,64.4101,71.28,23,2,1.05,clear sky
695,Russell,US,2022-03-03 06:35:45,32.3502,-85.1999,58.23,87,0,4.61,clear sky
696,San Lorenzo,PY,2022-03-03 06:35:46,-25.3333,-57.5333,74.59,88,0,2.3,clear sky
697,Khani,GE,2022-03-03 06:35:46,41.9563,42.9566,49.57,79,100,6.55,overcast clouds
698,Felanitx,ES,2022-03-03 06:35:47,39.4696,3.1483,53.96,86,0,3.4,clear sky
699,Voh,NC,2022-03-03 06:35:48,-20.9667,164.7,80.11,81,100,3.47,overcast clouds
700,Ostrovnoy,RU,2022-03-03 06:35:49,68.0531,39.5131,26.87,96,100,11.77,light snow
701,Langenburg,DE,2022-03-03 06:35:50,49.2544,9.8458,31.73,80,0,4.61,clear sky
702,Tabuk,PH,2022-03-03 06:35:51,17.4189,121.4443,84.07,66,44,7.76,scattered clouds
703,San Rafael,AR,2022-03-03 06:35:51,-34.6177,-68.3301,68.31,51,0,2.1,clear sky
704,Carros,FR,2022-03-03 06:35:52,43.7894,7.184,44.73,78,75,6.91,broken clouds
705,San Jeronimo,PE,2022-03-03 06:35:52,-11.9472,-75.2829,47.26,84,95,0.2,overcast clouds
706,Sedalia,US,2022-03-03 06:31:36,38.7045,-93.2283,57.85,48,0,0.0,clear sky
707,Awbari,LY,2022-03-03 06:35:53,26.5921,12.7805,52.95,36,82,15.75,broken clouds
708,Teknaf,BD,2022-03-03 06:35:54,20.8624,92.3058,86.76,34,3,17.43,clear sky
709,Macherla,IN,2022-03-03 06:35:55,16.4833,79.4333,92.19,25,32,8.99,scattered clouds
710,Lai,TD,2022-03-03 06:35:56,9.3952,16.2989,83.26,8,94,5.55,overcast clouds
711,Constitucion,CL,2022-03-03 06:31:31,-35.3333,-72.4167,59.09,93,85,3.53,overcast clouds
712,Mahibadhoo,MV,2022-03-03 06:35:56,3.7833,72.9667,83.05,67,19,16.08,few clouds
713,Sayyan,YE,2022-03-03 06:35:57,15.1718,44.3244,61.05,30,6,5.77,clear sky
714,Le Port,RE,2022-03-03 06:35:57,-20.9373,55.2919,85.96,73,17,3.47,few clouds
715,Muisne,EC,2022-03-03 06:35:58,0.6,-80.0333,74.55,91,100,2.91,light rain
716,Yakymivka,UA,2022-03-03 06:35:59,46.6897,35.1536,39.36,85,100,10.85,overcast clouds
717,Acajutla,SV,2022-03-03 06:36:00,13.5928,-89.8275,75.79,63,0,7.52,clear sky
718,Slave Lake,CA,2022-03-03 06:36:01,55.2834,-114.769,17.58,86,100,12.66,overcast clouds
719,Hurricane,US,2022-03-03 06:36:01,37.1753,-113.2899,57.6,32,100,6.38,overcast clouds
720,North Platte,US,2022-03-03 06:36:02,41.1239,-100.7654,40.89,73,0,12.66,clear sky
721,Harper,LR,2022-03-03 06:35:17,4.375,-7.7169,75.06,87,69,6.26,broken clouds
722,Nouadhibou,MR,2022-03-03 06:36:03,20.931,-17.0347,62.58,77,0,19.57,clear sky
723,Podor,MR,2022-03-03 06:36:04,16.6527,-14.9587,76.95,33,0,6.91,clear sky
724,Hoi An,VN,2022-03-03 06:36:05,15.8794,108.335,78.76,76,14,8.5,few clouds
